,ClassNumber,ClassLetter,Subgroup,LessonName,TeacherID,Week,Weekday,StartHour,StartMinute,EndHour,EndMinute,Room,Required,Teacher
0,8,А,англ. Татьяна Петровна,"классный час ""Разговоры о важном""",1,0,0,8,0,8,30,,False,
1,8,А,англ. Светлана Николаевна,"классный час ""Разговоры о важном""",1,0,0,8,0,8,30,,False,
2,8,Б,англ. Татьяна Петровна,"классный час ""Разговоры о важном""",1,0,0,8,0,8,30,,False,
3,8,Б,англ. Светлана Николаевна,"классный час ""Разговоры о важном""",1,0,0,8,0,8,30,,False,
4,8,В,англ. Татьяна Петровна,"классный час ""Разговоры о важном""",1,0,0,8,0,8,30,,False,
5,8,В,англ. Светлана Николаевна,"классный час ""Разговоры о важном""",1,0,0,8,0,8,30,,False,
6,9,А,англ. Татьяна Петровна,"классный час ""Разговоры о важном""",1,0,0,8,0,8,30,,False,
7,9,А,англ. Светлана Николаевна,"классный час ""Разговоры о важном""",1,0,0,8,0,8,30,,False,
8,9,Б,англ. Татьяна Петровна,"классный час ""Разговоры о важном""",1,0,0,8,0,8,30,,False,
9,9,Б,англ. Светлана Николаевна,"классный час ""Разговоры о важном""",1,0,0,8,0,8,30,,False,
10,9,В,англ. Татьяна Петровна,"классный час ""Разговоры о важном""",1,0,0,8,0,8,30,,False,
11,9,В,англ. Светлана Николаевна,"классный час ""Разговоры о важном""",1,0,0,8,0,8,30,,False,
12,10,А,англ. Татьяна Петровна,"классный час ""Разговоры о важном""",1,0,0,8,0,8,30,,False,
13,10,А,англ. Светлана Николаевна,"классный час ""Разговоры о важном""",1,0,0,8,0,8,30,,False,
14,10,Б,англ. Татьяна Петровна,"классный час ""Разговоры о важном""",1,0,0,8,0,8,30,,False,
15,10,Б,англ. Светлана Николаевна,"классный час ""Разговоры о важном""",1,0,0,8,0,8,30,,False,
16,10,В,англ. Татьяна Петровна,"классный час ""Разговоры о важном""",1,0,0,8,0,8,30,,False,
17,10,В,англ. Светлана Николаевна,"классный час ""Разговоры о важном""",1,0,0,8,0,8,30,,False,
18,11,А,англ. Татьяна Петровна,"классный час ""Разговоры о важном""",1,0,0,8,0,8,30,,False,
19,11,А,англ. Светлана Николаевна,"классный час ""Разговоры о важном""",1,0,0,8,0,8,30,,False,
20,11,Б,англ. Татьяна Петровна,"классный час ""Разговоры о важном""",1,0,0,8,0,8,30,,False,
21,11,Б,англ. Светлана Николаевна,"классный час ""Разговоры о важном""",1,0,0,8,0,8,30,,False,
22,11,В,англ. Татьяна Петровна,"классный час ""Разговоры о важном""",1,0,0,8,0,8,30,,False,
23,11,В,англ. Светлана Николаевна,"классный час ""Разговоры о важном""",1,0,0,8,0,8,30,,False,
24,8,А,англ. Татьяна Петровна,физика,1,0,0,8,35,9,15,14,True,
25,8,А,англ. Светлана Николаевна,физика,1,0,0,8,35,9,15,14,True,
26,8,А,англ. Татьяна Петровна,физика,1,0,0,9,30,10,10,,True,
27,8,А,англ. Светлана Николаевна,физика,1,0,0,9,30,10,10,,True,
28,8,Б,англ. Татьяна Петровна,история,1,0,0,8,35,9,15,6,True,
29,8,Б,англ. Светлана Николаевна,история,1,0,0,8,35,9,15,6,True,
30,8,Б,англ. Татьяна Петровна,история,1,0,0,9,30,10,10,,True,
31,8,Б,англ. Светлана Николаевна,история,1,0,0,9,30,10,10,,True,
32,8,В,англ. Татьяна Петровна,русский язык,1,0,0,8,35,9,15,5,True,
33,8,В,англ. Светлана Николаевна,русский язык,1,0,0,8,35,9,15,5,True,
34,8,В,англ. Татьяна Петровна,русский язык,1,0,0,9,30,10,10,,True,
35,8,В,англ. Светлана Николаевна,русский язык,1,0,0,9,30,10,10,,True,
36,9,А,англ. Татьяна Петровна,биология,1,0,0,8,35,9,15,2,True,
37,9,А,англ. Светлана Николаевна,биология,1,0,0,8,35,9,15,2,True,
38,9,А,англ. Татьяна Петровна,биология,1,0,0,9,30,10,10,,True,
39,9,А,англ. Светлана Николаевна,биология,1,0,0,9,30,10,10,,True,
40,9,Б,англ. Татьяна Петровна,география,1,0,0,8,35,9,15,7,True,
41,9,Б,англ. Светлана Николаевна,география,1,0,0,8,35,9,15,7,True,
42,9,Б,англ. Татьяна Петровна,география,1,0,0,9,30,10,10,,True,
43,9,Б,англ. Светлана Николаевна,география,1,0,0,9,30,10,10,,True,
44,9,В,англ. Татьяна Петровна,обществознание,1,0,0,8,35,9,15,4,True,
45,9,В,англ. Светлана Николаевна,обществознание,1,0,0,8,35,9,15,4,True,
46,9,В,англ. Татьяна Петровна,обществознание,1,0,0,9,30,10,10,,True,
47,9,В,англ. Светлана Николаевна,обществознание,1,0,0,9,30,10,10,,True,
48,10,А,англ. Татьяна Петровна,физическая культура,1,0,0,8,35,9,15,,True,
49,10,А,англ. Светлана Николаевна,физическая культура,1,0,0,8,35,9,15,,True,
50,10,А,англ. Татьяна Петровна,физическая культура,1,0,0,9,30,10,10,,True,
51,10,А,англ. Светлана Николаевна,физическая культура,1,0,0,9,30,10,10,,True,
52,10,Б,англ. Татьяна Петровна,алгебра и начала анализа,1,0,0,8,35,9,15,10,True,
53,10,Б,англ. Светлана Николаевна,алгебра и начала анализа,1,0,0,8,35,9,15,10,True,
54,10,Б,англ. Татьяна Петровна,алгебра и начала анализа,1,0,0,9,30,10,10,,True,
55,10,Б,англ. Светлана Николаевна,алгебра и начала анализа,1,0,0,9,30,10,10,,True,
56,10,В,англ. Татьяна Петровна,литература,1,0,0,8,35,9,15,12,True,
57,10,В,англ. Светлана Николаевна,литература,1,0,0,8,35,9,15,12,True,
58,10,В,англ. Татьяна Петровна,литература,1,0,0,9,30,10,10,,True,
59,10,В,англ. Светлана Николаевна,литература,1,0,0,9,30,10,10,,True,
60,11,А,англ. Татьяна Петровна,алгебра и начала анализа,1,0,0,8,35,9,15,11,True,
61,11,А,англ. Светлана Николаевна,алгебра и начала анализа,1,0,0,8,35,9,15,11,True,
62,11,А,англ. Татьяна Петровна,алгебра и начала анализа,1,0,0,9,30,10,10,,True,
63,11,А,англ. Светлана Николаевна,алгебра и начала анализа,1,0,0,9,30,10,10,,True,
64,11,Б,англ. Татьяна Петровна,информатика и ИКТ,1,0,0,8,35,9,15,13,True,
65,11,Б,англ. Светлана Николаевна,информатика и ИКТ,1,0,0,8,35,9,15,15,True,
66,11,Б,англ. Татьяна Петровна,информатика и ИКТ,1,0,0,9,30,10,10,,True,
67,11,Б,англ. Светлана Николаевна,информатика и ИКТ,1,0,0,9,30,10,10,,True,
68,11,В,англ. Татьяна Петровна,английский язык,1,0,0,8,35,9,15,8,True,
69,11,В,англ. Светлана Николаевна,английский язык,1,0,0,8,35,9,15,9,True,
70,11,В,англ. Татьяна Петровна,английский язык,1,0,0,9,30,10,10,,True,
71,11,В,англ. Светлана Николаевна,английский язык,1,0,0,9,30,10,10,,True,
72,8,А,англ. Татьяна Петровна,история,1,0,0,10,30,11,10,6,True,
73,8,А,англ. Светлана Николаевна,история,1,0,0,10,30,11,10,6,True,
74,8,А,англ. Татьяна Петровна,история,1,0,0,11,25,12,5,,True,
75,8,А,англ. Светлана Николаевна,история,1,0,0,11,25,12,5,,True,
76,8,Б,англ. Татьяна Петровна,биология,1,0,0,10,30,11,10,2,True,
77,8,Б,англ. Светлана Николаевна,биология,1,0,0,10,30,11,10,2,True,
78,8,Б,англ. Татьяна Петровна,биология,1,0,0,11,25,12,5,,True,
79,8,Б,англ. Светлана Николаевна,биология,1,0,0,11,25,12,5,,True,
80,8,В,англ. Татьяна Петровна,физика,1,0,0,10,30,11,10,14,True,
81,8,В,англ. Светлана Николаевна,физика,1,0,0,10,30,11,10,14,True,
82,8,В,англ. Татьяна Петровна,физика,1,0,0,11,25,12,5,,True,
83,8,В,англ. Светлана Николаевна,физика,1,0,0,11,25,12,5,,True,
84,9,А,англ. Татьяна Петровна,русский язык,1,0,0,10,30,11,10,4,True,
85,9,А,англ. Светлана Николаевна,русский язык,1,0,0,10,30,11,10,4,True,
86,9,А,англ. Татьяна Петровна,русский язык,1,0,0,11,25,12,5,,True,
87,9,А,англ. Светлана Николаевна,русский язык,1,0,0,11,25,12,5,,True,
88,9,Б,англ. Татьяна Петровна,русский язык,1,0,0,10,30,11,10,5,True,
89,9,Б,англ. Светлана Николаевна,русский язык,1,0,0,10,30,11,10,5,True,
90,9,Б,англ. Татьяна Петровна,русский язык,1,0,0,11,25,12,5,,True,
91,9,Б,англ. Светлана Николаевна,русский язык,1,0,0,11,25,12,5,,True,
92,9,В,англ. Татьяна Петровна,география,1,0,0,10,30,11,10,7,True,
93,9,В,англ. Светлана Николаевна,география,1,0,0,10,30,11,10,7,True,
94,9,В,англ. Татьяна Петровна,география,1,0,0,11,25,12,5,,True,
95,9,В,англ. Светлана Николаевна,география,1,0,0,11,25,12,5,,True,
96,10,А,англ. Татьяна Петровна,информатика и ИКТ,1,0,0,10,30,11,10,13,True,
97,10,А,англ. Светлана Николаевна,информатика и ИКТ,1,0,0,10,30,11,10,15,True,
98,10,А,англ. Татьяна Петровна,информатика и ИКТ,1,0,0,11,25,12,5,,True,
99,10,А,англ. Светлана Николаевна,информатика и ИКТ,1,0,0,11,25,12,5,,True,
100,10,Б,англ. Татьяна Петровна,физическая культура,1,0,0,10,30,11,10,,True,
101,10,Б,англ. Светлана Николаевна,физическая культура,1,0,0,10,30,11,10,,True,
102,10,Б,англ. Татьяна Петровна,физическая культура,1,0,0,11,25,12,5,,True,
103,10,Б,англ. Светлана Николаевна,физическая культура,1,0,0,11,25,12,5,,True,
104,10,В,англ. Татьяна Петровна,алгебра и начала анализа,1,0,0,10,30,11,10,10,True,
105,10,В,англ. Светлана Николаевна,алгебра и начала анализа,1,0,0,10,30,11,10,10,True,
106,10,В,англ. Татьяна Петровна,алгебра и начала анализа,1,0,0,11,25,12,5,,True,
107,10,В,англ. Светлана Николаевна,алгебра и начала анализа,1,0,0,11,25,12,5,,True,
108,11,А,англ. Татьяна Петровна,английский язык,1,0,0,10,30,11,10,8,True,
109,11,А,англ. Светлана Николаевна,английский язык,1,0,0,10,30,11,10,9,True,
110,11,А,англ. Татьяна Петровна,английский язык,1,0,0,11,25,12,5,,True,
111,11,А,англ. Светлана Николаевна,английский язык,1,0,0,11,25,12,5,,True,
112,11,Б,англ. Татьяна Петровна,алгебра и начала анализа,1,0,0,10,30,11,10,11,True,
113,11,Б,англ. Светлана Николаевна,алгебра и начала анализа,1,0,0,10,30,11,10,11,True,
114,11,Б,англ. Татьяна Петровна,алгебра и начала анализа,1,0,0,11,25,12,5,,True,
115,11,Б,англ. Светлана Николаевна,алгебра и начала анализа,1,0,0,11,25,12,5,,True,
116,11,В,англ. Татьяна Петровна,русский язык,1,0,0,10,30,11,10,12,True,
117,11,В,англ. Светлана Николаевна,русский язык,1,0,0,10,30,11,10,12,True,
118,11,В,англ. Татьяна Петровна,русский язык,1,0,0,11,25,12,5,,True,
119,11,В,англ. Светлана Николаевна,русский язык,1,0,0,11,25,12,5,,True,
120,8,А,англ. Татьяна Петровна,алгебра,1,0,0,12,15,12,55,11,True,
121,8,А,англ. Светлана Николаевна,алгебра,1,0,0,12,15,12,55,11,True,
122,8,А,англ. Татьяна Петровна,алгебра,1,0,0,13,5,13,45,,True,
123,8,А,англ. Светлана Николаевна,алгебра,1,0,0,13,5,13,45,,True,
124,8,Б,англ. Татьяна Петровна,физика,1,0,0,12,15,12,55,14,True,
125,8,Б,англ. Светлана Николаевна,физика,1,0,0,12,15,12,55,14,True,
126,8,Б,англ. Татьяна Петровна,физика,1,0,0,13,5,13,45,,True,
127,8,Б,англ. Светлана Николаевна,физика,1,0,0,13,5,13,45,,True,
128,8,В,англ. Татьяна Петровна,история,1,0,0,12,15,12,55,6,True,
129,8,В,англ. Светлана Николаевна,история,1,0,0,12,15,12,55,6,True,
130,8,В,англ. Татьяна Петровна,история,1,0,0,13,5,13,45,,True,
131,8,В,англ. Светлана Николаевна,история,1,0,0,13,5,13,45,,True,
132,9,А,англ. Татьяна Петровна,география,1,0,0,12,15,12,55,7,True,
133,9,А,англ. Светлана Николаевна,география,1,0,0,12,15,12,55,7,True,
134,9,А,англ. Татьяна Петровна,география,1,0,0,13,5,13,45,,True,
135,9,А,англ. Светлана Николаевна,география,1,0,0,13,5,13,45,,True,
136,9,Б,англ. Татьяна Петровна,биология,1,0,0,12,15,12,55,2,True,
137,9,Б,англ. Светлана Николаевна,биология,1,0,0,12,15,12,55,2,True,
138,9,Б,англ. Татьяна Петровна,биология,1,0,0,13,5,13,45,,True,
139,9,Б,англ. Светлана Николаевна,биология,1,0,0,13,5,13,45,,True,
140,9,В,англ. Татьяна Петровна,русский язык,1,0,0,12,15,12,55,5,True,
141,9,В,англ. Светлана Николаевна,русский язык,1,0,0,12,15,12,55,5,True,
142,9,В,англ. Татьяна Петровна,русский язык,1,0,0,13,5,13,45,,True,
143,9,В,англ. Светлана Николаевна,русский язык,1,0,0,13,5,13,45,,True,
144,10,А,англ. Татьяна Петровна,литература,1,0,0,12,15,12,55,12,True,
145,10,А,англ. Светлана Николаевна,литература,1,0,0,12,15,12,55,12,True,
146,10,А,англ. Татьяна Петровна,литература,1,0,0,13,5,13,45,,True,
147,10,А,англ. Светлана Николаевна,литература,1,0,0,13,5,13,45,,True,
148,10,Б,англ. Татьяна Петровна,литература,1,0,0,12,15,12,55,4,True,
149,10,Б,англ. Светлана Николаевна,литература,1,0,0,12,15,12,55,4,True,
150,10,Б,англ. Татьяна Петровна,литература,1,0,0,13,5,13,45,,True,
151,10,Б,англ. Светлана Николаевна,литература,1,0,0,13,5,13,45,,True,
152,10,В,англ. Татьяна Петровна,физическая культура,1,0,0,12,15,12,55,,True,
153,10,В,англ. Светлана Николаевна,физическая культура,1,0,0,12,15,12,55,,True,
154,10,В,англ. Татьяна Петровна,физическая культура,1,0,0,13,5,13,45,,True,
155,10,В,англ. Светлана Николаевна,физическая культура,1,0,0,13,5,13,45,,True,
156,11,А,англ. Татьяна Петровна,информатика и ИКТ,1,0,0,12,15,12,55,13,True,
157,11,А,англ. Светлана Николаевна,информатика и ИКТ,1,0,0,12,15,12,55,15,True,
158,11,А,англ. Татьяна Петровна,информатика и ИКТ,1,0,0,13,5,13,45,,True,
159,11,А,англ. Светлана Николаевна,информатика и ИКТ,1,0,0,13,5,13,45,,True,
160,11,Б,англ. Татьяна Петровна,английский язык,1,0,0,12,15,12,55,8,True,
161,11,Б,англ. Светлана Николаевна,английский язык,1,0,0,12,15,12,55,9,True,
162,11,Б,англ. Татьяна Петровна,английский язык,1,0,0,13,5,13,45,,True,
163,11,Б,англ. Светлана Николаевна,английский язык,1,0,0,13,5,13,45,,True,
164,11,В,англ. Татьяна Петровна,Игра с математическими объектами,1,0,0,12,15,12,55,10,False,
165,11,В,англ. Светлана Николаевна,Игра с математическими объектами,1,0,0,12,15,12,55,10,False,
166,11,В,англ. Татьяна Петровна,Игра с математическими объектами,1,0,0,13,5,13,45,,False,
167,11,В,англ. Светлана Николаевна,Игра с математическими объектами,1,0,0,13,5,13,45,,False,
168,8,А,англ. Татьяна Петровна,физическая культура,1,0,1,8,0,8,40,,True,
169,8,А,англ. Светлана Николаевна,физическая культура,1,0,1,8,0,8,40,,True,
170,8,А,англ. Татьяна Петровна,физическая культура,1,0,1,8,50,9,30,,True,
171,8,А,англ. Светлана Николаевна,физическая культура,1,0,1,8,50,9,30,,True,
172,8,Б,англ. Татьяна Петровна,Проектная деятельность,1,0,1,8,0,8,40,12,False,
173,8,Б,англ. Светлана Николаевна,Проектная деятельность,1,0,1,8,0,8,40,12,False,
174,8,Б,англ. Татьяна Петровна,Проектная деятельность,1,0,1,8,50,9,30,,False,
175,8,Б,англ. Светлана Николаевна,Проектная деятельность,1,0,1,8,50,9,30,,False,
176,8,В,англ. Татьяна Петровна,информатика и ИКТ,1,0,1,8,0,8,40,13,True,
177,8,В,англ. Светлана Николаевна,информатика и ИКТ,1,0,1,8,0,8,40,15,True,
178,8,В,англ. Татьяна Петровна,информатика и ИКТ,1,0,1,8,50,9,30,,True,
179,8,В,англ. Светлана Николаевна,информатика и ИКТ,1,0,1,8,50,9,30,,True,
180,9,А,англ. Татьяна Петровна,Виды текстовых задач и способы их решения,1,0,1,8,0,8,40,11,False,
181,9,А,англ. Светлана Николаевна,Виды текстовых задач и способы их решения,1,0,1,8,0,8,40,11,False,
182,9,А,англ. Татьяна Петровна,Виды текстовых задач и способы их решения,1,0,1,8,50,9,30,,False,
183,9,А,англ. Светлана Николаевна,Виды текстовых задач и способы их решения,1,0,1,8,50,9,30,,False,
184,9,Б,англ. Татьяна Петровна,химия,1,0,1,8,0,8,40,2,True,
185,9,Б,англ. Светлана Николаевна,химия,1,0,1,8,0,8,40,2,True,
186,9,Б,англ. Татьяна Петровна,химия,1,0,1,8,50,9,30,,True,
187,9,Б,англ. Светлана Николаевна,химия,1,0,1,8,50,9,30,,True,
188,9,В,англ. Татьяна Петровна,литература,1,0,1,8,0,8,40,5,True,
189,9,В,англ. Светлана Николаевна,литература,1,0,1,8,0,8,40,5,True,
190,9,В,англ. Татьяна Петровна,литература,1,0,1,8,50,9,30,,True,
191,9,В,англ. Светлана Николаевна,литература,1,0,1,8,50,9,30,,True,
192,10,А,англ. Татьяна Петровна,география,1,0,1,8,0,8,40,7,True,
193,10,А,англ. Светлана Николаевна,география,1,0,1,8,0,8,40,7,True,
194,10,А,англ. Татьяна Петровна,география,1,0,1,8,50,9,30,,True,
195,10,А,англ. Светлана Николаевна,география,1,0,1,8,50,9,30,,True,
196,10,Б,англ. Татьяна Петровна,геометрия,1,0,1,8,0,8,40,10,True,
197,10,Б,англ. Светлана Николаевна,геометрия,1,0,1,8,0,8,40,10,True,
198,10,Б,англ. Татьяна Петровна,геометрия,1,0,1,8,50,9,30,,True,
199,10,Б,англ. Светлана Николаевна,геометрия,1,0,1,8,50,9,30,,True,
200,10,В,англ. Татьяна Петровна,английский язык,1,0,1,8,0,8,40,8,True,
201,10,В,англ. Светлана Николаевна,английский язык,1,0,1,8,0,8,40,9,True,
202,10,В,англ. Татьяна Петровна,английский язык,1,0,1,8,50,9,30,,True,
203,10,В,англ. Светлана Николаевна,английский язык,1,0,1,8,50,9,30,,True,
204,11,А,англ. Татьяна Петровна,физика,1,0,1,8,0,8,40,4,True,
205,11,А,англ. Светлана Николаевна,физика,1,0,1,8,0,8,40,4,True,
206,11,А,англ. Татьяна Петровна,физика,1,0,1,8,50,9,30,,True,
207,11,А,англ. Светлана Николаевна,физика,1,0,1,8,50,9,30,,True,
208,11,Б,англ. Татьяна Петровна,физика,1,0,1,8,0,8,40,14,True,
209,11,Б,англ. Светлана Николаевна,физика,1,0,1,8,0,8,40,14,True,
210,11,Б,англ. Татьяна Петровна,физика,1,0,1,8,50,9,30,,True,
211,11,Б,англ. Светлана Николаевна,физика,1,0,1,8,50,9,30,,True,
212,11,В,англ. Татьяна Петровна,экономика,1,0,1,8,0,8,40,6,False,
213,11,В,англ. Светлана Николаевна,экономика,1,0,1,8,0,8,40,6,False,
214,11,В,англ. Татьяна Петровна,экономика,1,0,1,8,50,9,30,,False,
215,11,В,англ. Светлана Николаевна,экономика,1,0,1,8,50,9,30,,False,
216,8,А,англ. Татьяна Петровна,русский язык,1,0,1,9,45,10,25,5,True,
217,8,А,англ. Светлана Николаевна,русский язык,1,0,1,9,45,10,25,5,True,
218,8,А,англ. Татьяна Петровна,русский язык,1,0,1,10,45,11,25,,True,
219,8,А,англ. Светлана Николаевна,русский язык,1,0,1,10,45,11,25,,True,
220,8,Б,англ. Татьяна Петровна,физическая культура,1,0,1,9,45,10,25,,True,
221,8,Б,англ. Светлана Николаевна,физическая культура,1,0,1,9,45,10,25,,True,
222,8,Б,англ. Татьяна Петровна,физическая культура,1,0,1,10,45,11,25,,True,
223,8,Б,англ. Светлана Николаевна,физическая культура,1,0,1,10,45,11,25,,True,
224,8,В,англ. Татьяна Петровна,география,1,0,1,9,45,10,25,7,True,
225,8,В,англ. Светлана Николаевна,география,1,0,1,9,45,10,25,7,True,
226,8,В,англ. Татьяна Петровна,география,1,0,1,10,45,11,25,,True,
227,8,В,англ. Светлана Николаевна,география,1,0,1,10,45,11,25,,True,
228,9,А,англ. Татьяна Петровна,химия,1,0,1,9,45,10,25,2,True,
229,9,А,англ. Светлана Николаевна,химия,1,0,1,9,45,10,25,2,True,
230,9,А,англ. Татьяна Петровна,химия,1,0,1,10,45,11,25,,True,
231,9,А,англ. Светлана Николаевна,химия,1,0,1,10,45,11,25,,True,
232,9,Б,англ. Татьяна Петровна,алгебра,1,0,1,9,45,10,25,11,True,
233,9,Б,англ. Светлана Николаевна,алгебра,1,0,1,9,45,10,25,11,True,
234,9,Б,англ. Татьяна Петровна,алгебра,1,0,1,10,45,11,25,,True,
235,9,Б,англ. Светлана Николаевна,алгебра,1,0,1,10,45,11,25,,True,
236,9,В,англ. Татьяна Петровна,информатика и ИКТ,1,0,1,9,45,10,25,13,True,
237,9,В,англ. Светлана Николаевна,информатика и ИКТ,1,0,1,9,45,10,25,15,True,
238,9,В,англ. Татьяна Петровна,информатика и ИКТ,1,0,1,10,45,11,25,,True,
239,9,В,англ. Светлана Николаевна,информатика и ИКТ,1,0,1,10,45,11,25,,True,
240,10,А,англ. Татьяна Петровна,физика,1,0,1,9,45,10,25,14,True,
241,10,А,англ. Светлана Николаевна,физика,1,0,1,9,45,10,25,14,True,
242,10,А,англ. Татьяна Петровна,физика,1,0,1,10,45,11,25,,True,
243,10,А,англ. Светлана Николаевна,физика,1,0,1,10,45,11,25,,True,
244,10,Б,англ. Татьяна Петровна,английский язык,1,0,1,9,45,10,25,8,True,
245,10,Б,англ. Светлана Николаевна,английский язык,1,0,1,9,45,10,25,9,True,
246,10,Б,англ. Татьяна Петровна,английский язык,1,0,1,10,45,11,25,,True,
247,10,Б,англ. Светлана Николаевна,английский язык,1,0,1,10,45,11,25,,True,
248,10,В,англ. Татьяна Петровна,экономика,1,0,1,9,45,10,25,6,False,
249,10,В,англ. Светлана Николаевна,экономика,1,0,1,9,45,10,25,6,False,
250,10,В,англ. Татьяна Петровна,экономика,1,0,1,10,45,11,25,,False,
251,10,В,англ. Светлана Николаевна,экономика,1,0,1,10,45,11,25,,False,
252,11,А,англ. Татьяна Петровна,русский язык,1,0,1,9,45,10,25,12,True,
253,11,А,англ. Светлана Николаевна,русский язык,1,0,1,9,45,10,25,12,True,
254,11,А,англ. Татьяна Петровна,русский язык,1,0,1,10,45,11,25,,True,
255,11,А,англ. Светлана Николаевна,русский язык,1,0,1,10,45,11,25,,True,
256,11,Б,англ. Татьяна Петровна,обществознание,1,0,1,9,45,10,25,4,True,
257,11,Б,англ. Светлана Николаевна,обществознание,1,0,1,9,45,10,25,4,True,
258,11,Б,англ. Татьяна Петровна,обществознание,1,0,1,10,45,11,25,,True,
259,11,Б,англ. Светлана Николаевна,обществознание,1,0,1,10,45,11,25,,True,
260,11,В,англ. Татьяна Петровна,алгебра и начала анализа,1,0,1,9,45,10,25,10,True,
261,11,В,англ. Светлана Николаевна,алгебра и начала анализа,1,0,1,9,45,10,25,10,True,
262,11,В,англ. Татьяна Петровна,алгебра и начала анализа,1,0,1,10,45,11,25,,True,
263,11,В,англ. Светлана Николаевна,алгебра и начала анализа,1,0,1,10,45,11,25,,True,
264,8,А,англ. Татьяна Петровна,Проектная деятельность,1,0,1,11,40,12,20,7,False,
265,8,А,англ. Светлана Николаевна,Проектная деятельность,1,0,1,11,40,12,20,7,False,
266,8,А,англ. Татьяна Петровна,Проектная деятельность,1,0,1,12,30,13,10,,False,
267,8,А,англ. Светлана Николаевна,Проектная деятельность,1,0,1,12,30,13,10,,False,
268,8,Б,англ. Татьяна Петровна,химия,1,0,1,11,40,12,20,2,True,
269,8,Б,англ. Светлана Николаевна,химия,1,0,1,11,40,12,20,2,True,
270,8,Б,англ. Татьяна Петровна,химия,1,0,1,12,30,13,10,,True,
271,8,Б,англ. Светлана Николаевна,химия,1,0,1,12,30,13,10,,True,
272,8,В,англ. Татьяна Петровна,физическая культура,1,0,1,11,40,12,20,,True,
273,8,В,англ. Светлана Николаевна,физическая культура,1,0,1,11,40,12,20,,True,
274,8,В,англ. Татьяна Петровна,физическая культура,1,0,1,12,30,13,10,,True,
275,8,В,англ. Светлана Николаевна,физическая культура,1,0,1,12,30,13,10,,True,
276,9,А,англ. Татьяна Петровна,информатика и ИКТ,1,0,1,11,40,12,20,13,True,
277,9,А,англ. Светлана Николаевна,информатика и ИКТ,1,0,1,11,40,12,20,15,True,
278,9,А,англ. Татьяна Петровна,информатика и ИКТ,1,0,1,12,30,13,10,,True,
279,9,А,англ. Светлана Николаевна,информатика и ИКТ,1,0,1,12,30,13,10,,True,
280,9,Б,англ. Татьяна Петровна,литература,1,0,1,11,40,12,20,5,True,
281,9,Б,англ. Светлана Николаевна,литература,1,0,1,11,40,12,20,5,True,
282,9,Б,англ. Татьяна Петровна,литература,1,0,1,12,30,13,10,,True,
283,9,Б,англ. Светлана Николаевна,литература,1,0,1,12,30,13,10,,True,
284,9,В,англ. Татьяна Петровна,алгебра,1,0,1,11,40,12,20,11,True,
285,9,В,англ. Светлана Николаевна,алгебра,1,0,1,11,40,12,20,11,True,
286,9,В,англ. Татьяна Петровна,алгебра,1,0,1,12,30,13,10,,True,
287,9,В,англ. Светлана Николаевна,алгебра,1,0,1,12,30,13,10,,True,
288,10,А,англ. Татьяна Петровна,английский язык,1,0,1,11,40,12,20,8,True,
289,10,А,англ. Светлана Николаевна,английский язык,1,0,1,11,40,12,20,9,True,
290,10,А,англ. Татьяна Петровна,английский язык,1,0,1,12,30,13,10,,True,
291,10,А,англ. Светлана Николаевна,английский язык,1,0,1,12,30,13,10,,True,
292,10,Б,англ. Татьяна Петровна,физика,1,0,1,11,40,12,20,14,True,
293,10,Б,англ. Светлана Николаевна,физика,1,0,1,11,40,12,20,14,True,
294,10,Б,англ. Татьяна Петровна,физика,1,0,1,12,30,13,10,,True,
295,10,Б,англ. Светлана Николаевна,физика,1,0,1,12,30,13,10,,True,
296,10,В,англ. Татьяна Петровна,геометрия,1,0,1,11,40,12,20,11,True,
297,10,В,англ. Светлана Николаевна,геометрия,1,0,1,11,40,12,20,11,True,
298,10,В,англ. Татьяна Петровна,геометрия,1,0,1,12,30,13,10,,True,
299,10,В,англ. Светлана Николаевна,геометрия,1,0,1,12,30,13,10,,True,
300,11,А,англ. Татьяна Петровна,обществознание,1,0,1,11,40,12,20,4,True,
301,11,А,англ. Светлана Николаевна,обществознание,1,0,1,11,40,12,20,4,True,
302,11,А,англ. Татьяна Петровна,обществознание,1,0,1,12,30,13,10,,True,
303,11,А,англ. Светлана Николаевна,обществознание,1,0,1,12,30,13,10,,True,
304,11,Б,англ. Татьяна Петровна,русский язык,1,0,1,11,40,12,20,12,True,
305,11,Б,англ. Светлана Николаевна,русский язык,1,0,1,11,40,12,20,12,True,
306,11,Б,англ. Татьяна Петровна,русский язык,1,0,1,12,30,13,10,,True,
307,11,Б,англ. Светлана Николаевна,русский язык,1,0,1,12,30,13,10,,True,
308,11,В,англ. Татьяна Петровна,биология,1,0,1,11,40,12,20,6,True,
309,11,В,англ. Светлана Николаевна,биология,1,0,1,11,40,12,20,6,True,
310,11,В,англ. Татьяна Петровна,биология,1,0,1,12,30,13,10,,True,
311,11,В,англ. Светлана Николаевна,биология,1,0,1,12,30,13,10,,True,
312,8,А,англ. Татьяна Петровна,Создай электронный фотоальбом друзей,1,0,1,13,20,14,0,13,False,
313,8,А,англ. Светлана Николаевна,Создай электронный фотоальбом друзей,1,0,1,13,20,14,0,13,False,
314,8,А,англ. Татьяна Петровна,Создай электронный фотоальбом друзей,1,0,1,14,5,14,45,,False,
315,8,А,англ. Светлана Николаевна,Создай электронный фотоальбом друзей,1,0,1,14,5,14,45,,False,
316,8,В,англ. Татьяна Петровна,Проектная деятельность,1,0,1,13,20,14,0,7,False,
317,8,В,англ. Светлана Николаевна,Проектная деятельность,1,0,1,13,20,14,0,7,False,
318,8,В,англ. Татьяна Петровна,Проектная деятельность,1,0,1,14,5,14,45,,False,
319,8,В,англ. Светлана Николаевна,Проектная деятельность,1,0,1,14,5,14,45,,False,
320,10,А,англ. Татьяна Петровна,Решение физических задач с техническим содержанием,1,0,1,13,20,14,0,14,False,
321,10,А,англ. Светлана Николаевна,Решение физических задач с техническим содержанием,1,0,1,13,20,14,0,14,False,
322,10,А,англ. Татьяна Петровна,Решение физических задач с техническим содержанием,1,0,1,14,5,14,45,,False,
323,10,А,англ. Светлана Николаевна,Решение физических задач с техническим содержанием,1,0,1,14,5,14,45,,False,
324,10,Б,англ. Татьяна Петровна,Математические основы информатики,1,0,1,13,20,14,0,15,False,
325,10,Б,англ. Светлана Николаевна,Математические основы информатики,1,0,1,13,20,14,0,15,False,
326,10,Б,англ. Татьяна Петровна,Математические основы информатики,1,0,1,14,5,14,45,,False,
327,10,Б,англ. Светлана Николаевна,Математические основы информатики,1,0,1,14,5,14,45,,False,
328,11,А,англ. Татьяна Петровна,физический практикум (1/2гр.),1,0,1,13,20,14,0,14,False,
329,11,А,англ. Светлана Николаевна,физический практикум (1/2гр.),1,0,1,13,20,14,0,14,False,
330,11,А,англ. Татьяна Петровна,физический практикум (1/2гр.),1,0,1,14,5,14,45,,False,
331,11,А,англ. Светлана Николаевна,физический практикум (1/2гр.),1,0,1,14,5,14,45,,False,
332,11,Б,англ. Татьяна Петровна,Человек и современные проблемы развития общества,1,0,1,13,20,14,0,6,False,
333,11,Б,англ. Светлана Николаевна,Человек и современные проблемы развития общества,1,0,1,13,20,14,0,6,False,
334,11,Б,англ. Татьяна Петровна,Человек и современные проблемы развития общества,1,0,1,14,5,14,45,,False,
335,11,Б,англ. Светлана Николаевна,Человек и современные проблемы развития общества,1,0,1,14,5,14,45,,False,
336,11,В,англ. Татьяна Петровна,Практическая грамматика,1,0,1,13,20,14,0,12,False,
337,11,В,англ. Светлана Николаевна,Практическая грамматика,1,0,1,13,20,14,0,12,False,
338,11,В,англ. Татьяна Петровна,Практическая грамматика,1,0,1,14,5,14,45,,False,
339,11,В,англ. Светлана Николаевна,Практическая грамматика,1,0,1,14,5,14,45,,False,
340,8,А,англ. Татьяна Петровна,геометрия,1,0,2,8,0,8,40,11,True,
341,8,А,англ. Светлана Николаевна,геометрия,1,0,2,8,0,8,40,11,True,
342,8,А,англ. Татьяна Петровна,геометрия,1,0,2,8,50,9,30,,True,
343,8,А,англ. Светлана Николаевна,геометрия,1,0,2,8,50,9,30,,True,
344,8,Б,англ. Татьяна Петровна,алгебра,1,0,2,8,0,8,40,10,True,
345,8,Б,англ. Светлана Николаевна,алгебра,1,0,2,8,0,8,40,10,True,
346,8,Б,англ. Татьяна Петровна,алгебра,1,0,2,8,50,9,30,,True,
347,8,Б,англ. Светлана Николаевна,алгебра,1,0,2,8,50,9,30,,True,
348,8,В,англ. Татьяна Петровна,английский язык,1,0,2,8,0,8,40,8,True,
349,8,В,англ. Светлана Николаевна,английский язык,1,0,2,8,0,8,40,9,True,
350,8,В,англ. Татьяна Петровна,английский язык,1,0,2,8,50,9,30,,True,
351,8,В,англ. Светлана Николаевна,английский язык,1,0,2,8,50,9,30,,True,
352,9,А,англ. Татьяна Петровна,литература,1,0,2,8,0,8,40,12,True,
353,9,А,англ. Светлана Николаевна,литература,1,0,2,8,0,8,40,12,True,
354,9,А,англ. Татьяна Петровна,литература,1,0,2,8,50,9,30,,True,
355,9,А,англ. Светлана Николаевна,литература,1,0,2,8,50,9,30,,True,
356,9,Б,англ. Татьяна Петровна,физика,1,0,2,8,0,8,40,14,True,
357,9,Б,англ. Светлана Николаевна,физика,1,0,2,8,0,8,40,14,True,
358,9,Б,англ. Татьяна Петровна,физика,1,0,2,8,50,9,30,,True,
359,9,Б,англ. Светлана Николаевна,физика,1,0,2,8,50,9,30,,True,
360,9,В,англ. Татьяна Петровна,геометрия,1,0,2,8,0,8,40,5,True,
361,9,В,англ. Светлана Николаевна,геометрия,1,0,2,8,0,8,40,5,True,
362,9,В,англ. Татьяна Петровна,геометрия,1,0,2,8,50,9,30,,True,
363,9,В,англ. Светлана Николаевна,геометрия,1,0,2,8,50,9,30,,True,
364,10,А,англ. Татьяна Петровна,геометрия,1,0,2,8,0,8,40,4,True,
365,10,А,англ. Светлана Николаевна,геометрия,1,0,2,8,0,8,40,4,True,
366,10,А,англ. Татьяна Петровна,геометрия,1,0,2,8,50,9,30,,True,
367,10,А,англ. Светлана Николаевна,геометрия,1,0,2,8,50,9,30,,True,
368,10,Б,англ. Татьяна Петровна,информатика и ИКТ,1,0,2,8,0,8,40,13,True,
369,10,Б,англ. Светлана Николаевна,информатика и ИКТ,1,0,2,8,0,8,40,15,True,
370,10,Б,англ. Татьяна Петровна,информатика и ИКТ,1,0,2,8,50,9,30,,True,
371,10,Б,англ. Светлана Николаевна,информатика и ИКТ,1,0,2,8,50,9,30,,True,
372,10,В,англ. Татьяна Петровна,химия,1,0,2,8,0,8,40,2,True,
373,10,В,англ. Светлана Николаевна,химия,1,0,2,8,0,8,40,2,True,
374,10,В,англ. Татьяна Петровна,химия,1,0,2,8,50,9,30,,True,
375,10,В,англ. Светлана Николаевна,химия,1,0,2,8,50,9,30,,True,
376,11,А,англ. Татьяна Петровна,психология,1,0,2,8,0,8,40,,True,
377,11,А,англ. Светлана Николаевна,психология,1,0,2,8,0,8,40,,True,
378,11,А,англ. Татьяна Петровна,психология,1,0,2,8,50,9,30,,True,
379,11,А,англ. Светлана Николаевна,психология,1,0,2,8,50,9,30,,True,
380,11,Б,англ. Татьяна Петровна,физическая культура,1,0,2,8,0,8,40,,True,
381,11,Б,англ. Светлана Николаевна,физическая культура,1,0,2,8,0,8,40,,True,
382,11,Б,англ. Татьяна Петровна,физическая культура,1,0,2,8,50,9,30,,True,
383,11,Б,англ. Светлана Николаевна,физическая культура,1,0,2,8,50,9,30,,True,
384,11,В,англ. Татьяна Петровна,история,1,0,2,8,0,8,40,6,True,
385,11,В,англ. Светлана Николаевна,история,1,0,2,8,0,8,40,6,True,
386,11,В,англ. Татьяна Петровна,история,1,0,2,8,50,9,30,,True,
387,11,В,англ. Светлана Николаевна,история,1,0,2,8,50,9,30,,True,
388,8,А,англ. Татьяна Петровна,английский язык,1,0,2,9,45,10,25,8,True,
389,8,А,англ. Светлана Николаевна,английский язык,1,0,2,9,45,10,25,9,True,
390,8,А,англ. Татьяна Петровна,английский язык,1,0,2,10,45,11,25,,True,
391,8,А,англ. Светлана Николаевна,английский язык,1,0,2,10,45,11,25,,True,
392,8,Б,англ. Татьяна Петровна,информатика и ИКТ,1,0,2,9,45,10,25,13,True,
393,8,Б,англ. Светлана Николаевна,информатика и ИКТ,1,0,2,9,45,10,25,15,True,
394,8,Б,англ. Татьяна Петровна,информатика и ИКТ,1,0,2,10,45,11,25,,True,
395,8,Б,англ. Светлана Николаевна,информатика и ИКТ,1,0,2,10,45,11,25,,True,
396,8,В,англ. Татьяна Петровна,химия,1,0,2,9,45,10,25,2,True,
397,8,В,англ. Светлана Николаевна,химия,1,0,2,9,45,10,25,2,True,
398,8,В,англ. Татьяна Петровна,химия,1,0,2,10,45,11,25,,True,
399,8,В,англ. Светлана Николаевна,химия,1,0,2,10,45,11,25,,True,
400,9,А,англ. Татьяна Петровна,геометрия,1,0,2,9,45,10,25,5,True,
401,9,А,англ. Светлана Николаевна,геометрия,1,0,2,9,45,10,25,5,True,
402,9,А,англ. Татьяна Петровна,геометрия,1,0,2,10,45,11,25,,True,
403,9,А,англ. Светлана Николаевна,геометрия,1,0,2,10,45,11,25,,True,
404,9,Б,англ. Татьяна Петровна,ОБЖ,1,0,2,9,45,10,25,12,True,
405,9,Б,англ. Светлана Николаевна,ОБЖ,1,0,2,9,45,10,25,12,True,
406,9,Б,англ. Татьяна Петровна,ОБЖ,1,0,2,10,45,11,25,,True,
407,9,Б,англ. Светлана Николаевна,ОБЖ,1,0,2,10,45,11,25,,True,
408,9,В,англ. Татьяна Петровна,физика,1,0,2,9,45,10,25,14,True,
409,9,В,англ. Светлана Николаевна,физика,1,0,2,9,45,10,25,14,True,
410,9,В,англ. Татьяна Петровна,физика,1,0,2,10,45,11,25,,True,
411,9,В,англ. Светлана Николаевна,физика,1,0,2,10,45,11,25,,True,
412,10,А,англ. Татьяна Петровна,алгебра и начала анализа,1,0,2,9,45,10,25,4,True,
413,10,А,англ. Светлана Николаевна,алгебра и начала анализа,1,0,2,9,45,10,25,4,True,
414,10,А,англ. Татьяна Петровна,алгебра и начала анализа,1,0,2,10,45,11,25,,True,
415,10,А,англ. Светлана Николаевна,алгебра и начала анализа,1,0,2,10,45,11,25,,True,
416,10,Б,англ. Татьяна Петровна,физическая культура,1,0,2,9,45,10,25,,True,
417,10,Б,англ. Светлана Николаевна,физическая культура,1,0,2,9,45,10,25,,True,
418,10,Б,англ. Татьяна Петровна,физическая культура,1,0,2,10,45,11,25,,True,
419,10,Б,англ. Светлана Николаевна,физическая культура,1,0,2,10,45,11,25,,True,
420,10,В,англ. Татьяна Петровна,история,1,0,2,9,45,10,25,7,True,
421,10,В,англ. Светлана Николаевна,история,1,0,2,9,45,10,25,7,True,
422,10,В,англ. Татьяна Петровна,история,1,0,2,10,45,11,25,,True,
423,10,В,англ. Светлана Николаевна,история,1,0,2,10,45,11,25,,True,
424,11,А,англ. Татьяна Петровна,геометрия,1,0,2,9,45,10,25,11,True,
425,11,А,англ. Светлана Николаевна,геометрия,1,0,2,9,45,10,25,11,True,
426,11,А,англ. Татьяна Петровна,геометрия,1,0,2,10,45,11,25,,True,
427,11,А,англ. Светлана Николаевна,геометрия,1,0,2,10,45,11,25,,True,
428,11,Б,англ. Татьяна Петровна,история,1,0,2,9,45,10,25,6,True,
429,11,Б,англ. Светлана Николаевна,история,1,0,2,9,45,10,25,6,True,
430,11,Б,англ. Татьяна Петровна,история,1,0,2,10,45,11,25,,True,
431,11,Б,англ. Светлана Николаевна,история,1,0,2,10,45,11,25,,True,
432,11,В,англ. Татьяна Петровна,геометрия,1,0,2,9,45,10,25,10,True,
433,11,В,англ. Светлана Николаевна,геометрия,1,0,2,9,45,10,25,10,True,
434,11,В,англ. Татьяна Петровна,геометрия,1,0,2,10,45,11,25,,True,
435,11,В,англ. Светлана Николаевна,геометрия,1,0,2,10,45,11,25,,True,
436,8,А,англ. Татьяна Петровна,информатика и ИКТ,1,0,2,11,40,12,20,13,True,
437,8,А,англ. Светлана Николаевна,информатика и ИКТ,1,0,2,11,40,12,20,15,True,
438,8,А,англ. Татьяна Петровна,информатика и ИКТ,1,0,2,12,30,13,10,,True,
439,8,А,англ. Светлана Николаевна,информатика и ИКТ,1,0,2,12,30,13,10,,True,
440,8,Б,англ. Татьяна Петровна,английский язык,1,0,2,11,40,12,20,8,True,
441,8,Б,англ. Светлана Николаевна,английский язык,1,0,2,11,40,12,20,9,True,
442,8,Б,англ. Татьяна Петровна,английский язык,1,0,2,12,30,13,10,,True,
443,8,Б,англ. Светлана Николаевна,английский язык,1,0,2,12,30,13,10,,True,
444,8,В,англ. Татьяна Петровна,алгебра,1,0,2,11,40,12,20,10,True,
445,8,В,англ. Светлана Николаевна,алгебра,1,0,2,11,40,12,20,10,True,
446,8,В,англ. Татьяна Петровна,алгебра,1,0,2,12,30,13,10,,True,
447,8,В,англ. Светлана Николаевна,алгебра,1,0,2,12,30,13,10,,True,
448,9,А,англ. Татьяна Петровна,физика,1,0,2,11,40,12,20,14,True,
449,9,А,англ. Светлана Николаевна,физика,1,0,2,11,40,12,20,14,True,
450,9,А,англ. Татьяна Петровна,физика,1,0,2,12,30,13,10,,True,
451,9,А,англ. Светлана Николаевна,физика,1,0,2,12,30,13,10,,True,
452,9,Б,англ. Татьяна Петровна,геометрия,1,0,2,11,40,12,20,5,True,
453,9,Б,англ. Светлана Николаевна,геометрия,1,0,2,11,40,12,20,5,True,
454,9,Б,англ. Татьяна Петровна,геометрия,1,0,2,12,30,13,10,,True,
455,9,Б,англ. Светлана Николаевна,геометрия,1,0,2,12,30,13,10,,True,
456,9,В,англ. Татьяна Петровна,химия,1,0,2,11,40,12,20,2,True,
457,9,В,англ. Светлана Николаевна,химия,1,0,2,11,40,12,20,2,True,
458,9,В,англ. Татьяна Петровна,химия,1,0,2,12,30,13,10,,True,
459,9,В,англ. Светлана Николаевна,химия,1,0,2,12,30,13,10,,True,
460,10,А,англ. Татьяна Петровна,история,1,0,2,11,40,12,20,7,True,
461,10,А,англ. Светлана Николаевна,история,1,0,2,11,40,12,20,7,True,
462,10,А,англ. Татьяна Петровна,история,1,0,2,12,30,13,10,,True,
463,10,А,англ. Светлана Николаевна,история,1,0,2,12,30,13,10,,True,
464,10,Б,англ. Татьяна Петровна,русский язык,1,0,2,11,40,12,20,12,True,
465,10,Б,англ. Светлана Николаевна,русский язык,1,0,2,11,40,12,20,12,True,
466,10,Б,англ. Татьяна Петровна,русский язык,1,0,2,12,30,13,10,,True,
467,10,Б,англ. Светлана Николаевна,русский язык,1,0,2,12,30,13,10,,True,
468,10,В,англ. Татьяна Петровна,физическая культура,1,0,2,11,40,12,20,,True,
469,10,В,англ. Светлана Николаевна,физическая культура,1,0,2,11,40,12,20,,True,
470,10,В,англ. Татьяна Петровна,физическая культура,1,0,2,12,30,13,10,,True,
471,10,В,англ. Светлана Николаевна,физическая культура,1,0,2,12,30,13,10,,True,
472,11,А,англ. Татьяна Петровна,история,1,0,2,11,40,12,20,6,True,
473,11,А,англ. Светлана Николаевна,история,1,0,2,11,40,12,20,6,True,
474,11,А,англ. Татьяна Петровна,история,1,0,2,12,30,13,10,,True,
475,11,А,англ. Светлана Николаевна,история,1,0,2,12,30,13,10,,True,
476,11,Б,англ. Татьяна Петровна,геометрия,1,0,2,11,40,12,20,11,True,
477,11,Б,англ. Светлана Николаевна,геометрия,1,0,2,11,40,12,20,11,True,
478,11,Б,англ. Татьяна Петровна,геометрия,1,0,2,12,30,13,10,,True,
479,11,Б,англ. Светлана Николаевна,геометрия,1,0,2,12,30,13,10,,True,
480,11,В,англ. Татьяна Петровна,Проблемы теории государства и права (дистант),1,0,2,11,40,12,20,,False,
481,11,В,англ. Светлана Николаевна,Проблемы теории государства и права (дистант),1,0,2,11,40,12,20,,False,
482,11,В,англ. Татьяна Петровна,Проблемы теории государства и права (дистант),1,0,2,12,30,13,10,,False,
483,11,В,англ. Светлана Николаевна,Проблемы теории государства и права (дистант),1,0,2,12,30,13,10,,False,
484,8,А,англ. Татьяна Петровна,Деловой английский,1,0,2,13,20,14,0,8,False,
485,8,А,англ. Светлана Николаевна,Деловой английский,1,0,2,13,20,14,0,8,False,
486,8,А,англ. Татьяна Петровна,Деловой английский,1,0,2,14,5,14,45,,False,
487,8,А,англ. Светлана Николаевна,Деловой английский,1,0,2,14,5,14,45,,False,
488,9,А,англ. Татьяна Петровна,Погрешности измерения физических величин,1,0,2,13,20,14,0,14,False,
489,9,А,англ. Светлана Николаевна,Погрешности измерения физических величин,1,0,2,13,20,14,0,14,False,
490,9,А,англ. Татьяна Петровна,Погрешности измерения физических величин,1,0,2,14,5,14,45,,False,
491,9,А,англ. Светлана Николаевна,Погрешности измерения физических величин,1,0,2,14,5,14,45,,False,
492,10,А,англ. Татьяна Петровна,Задачи с разноуровневыми параметрами,1,0,2,13,20,14,0,4,False,
493,10,А,англ. Светлана Николаевна,Задачи с разноуровневыми параметрами,1,0,2,13,20,14,0,4,False,
494,10,А,англ. Татьяна Петровна,Задачи с разноуровневыми параметрами,1,0,2,14,5,14,45,,False,
495,10,А,англ. Светлана Николаевна,Задачи с разноуровневыми параметрами,1,0,2,14,5,14,45,,False,
496,10,Б,англ. Татьяна Петровна,Решение задач по молекулярной биологии и генетике,1,0,2,13,20,14,0,2,False,
497,10,Б,англ. Светлана Николаевна,Решение задач по молекулярной биологии и генетике,1,0,2,13,20,14,0,2,False,
498,10,Б,англ. Татьяна Петровна,Решение задач по молекулярной биологии и генетике,1,0,2,14,5,14,45,,False,
499,10,Б,англ. Светлана Николаевна,Решение задач по молекулярной биологии и генетике,1,0,2,14,5,14,45,,False,
500,10,В,англ. Татьяна Петровна,Проблемы теории государства и права (дистант),1,0,2,13,20,14,0,,False,
501,10,В,англ. Светлана Николаевна,Проблемы теории государства и права (дистант),1,0,2,13,20,14,0,,False,
502,10,В,англ. Татьяна Петровна,Проблемы теории государства и права (дистант),1,0,2,14,5,14,45,,False,
503,10,В,англ. Светлана Николаевна,Проблемы теории государства и права (дистант),1,0,2,14,5,14,45,,False,
504,11,А,англ. Татьяна Петровна,физическая культура,1,0,2,13,20,14,0,,True,
505,11,А,англ. Светлана Николаевна,физическая культура,1,0,2,13,20,14,0,,True,
506,11,А,англ. Татьяна Петровна,физическая культура,1,0,2,14,5,14,45,,True,
507,11,А,англ. Светлана Николаевна,физическая культура,1,0,2,14,5,14,45,,True,
508,11,Б,англ. Татьяна Петровна,Решение конкурсных задач по химии,1,0,2,13,20,14,0,2,False,
509,11,Б,англ. Светлана Николаевна,Решение конкурсных задач по химии,1,0,2,13,20,14,0,2,False,
510,11,Б,англ. Татьяна Петровна,Решение конкурсных задач по химии,1,0,2,14,5,14,45,,False,
511,11,Б,англ. Светлана Николаевна,Решение конкурсных задач по химии,1,0,2,14,5,14,45,,False,
512,8,А,англ. Татьяна Петровна,география,1,0,3,8,0,8,40,7,True,
513,8,А,англ. Светлана Николаевна,география,1,0,3,8,0,8,40,7,True,
514,8,А,англ. Татьяна Петровна,география,1,0,3,8,50,9,30,,True,
515,8,А,англ. Светлана Николаевна,география,1,0,3,8,50,9,30,,True,
516,8,Б,англ. Татьяна Петровна,физическая культура,1,0,3,8,0,8,40,,True,
517,8,Б,англ. Светлана Николаевна,физическая культура,1,0,3,8,0,8,40,,True,
518,8,Б,англ. Татьяна Петровна,физическая культура,1,0,3,8,50,9,30,,True,
519,8,Б,англ. Светлана Николаевна,физическая культура,1,0,3,8,50,9,30,,True,
520,8,В,англ. Татьяна Петровна,биология,1,0,3,8,0,8,40,2,True,
521,8,В,англ. Светлана Николаевна,биология,1,0,3,8,0,8,40,2,True,
522,8,В,англ. Татьяна Петровна,биология,1,0,3,8,50,9,30,,True,
523,8,В,англ. Светлана Николаевна,биология,1,0,3,8,50,9,30,,True,
524,9,А,англ. Татьяна Петровна,история,1,0,3,8,0,8,40,6,True,
525,9,А,англ. Светлана Николаевна,история,1,0,3,8,0,8,40,6,True,
526,9,А,англ. Татьяна Петровна,история,1,0,3,8,50,9,30,,True,
527,9,А,англ. Светлана Николаевна,история,1,0,3,8,50,9,30,,True,
528,9,Б,англ. Татьяна Петровна,Виды текстовых задач и способы их решения,1,0,3,8,0,8,40,5,False,
529,9,Б,англ. Светлана Николаевна,Виды текстовых задач и способы их решения,1,0,3,8,0,8,40,5,False,
530,9,Б,англ. Татьяна Петровна,Виды текстовых задач и способы их решения,1,0,3,8,50,9,30,,False,
531,9,Б,англ. Светлана Николаевна,Виды текстовых задач и способы их решения,1,0,3,8,50,9,30,,False,
532,9,В,англ. Татьяна Петровна,английский язык,1,0,3,8,0,8,40,8,True,
533,9,В,англ. Светлана Николаевна,английский язык,1,0,3,8,0,8,40,9,True,
534,9,В,англ. Татьяна Петровна,английский язык,1,0,3,8,50,9,30,,True,
535,9,В,англ. Светлана Николаевна,английский язык,1,0,3,8,50,9,30,,True,
536,10,А,англ. Татьяна Петровна,русский язык,1,0,3,8,0,8,40,12,True,
537,10,А,англ. Светлана Николаевна,русский язык,1,0,3,8,0,8,40,12,True,
538,10,А,англ. Татьяна Петровна,русский язык,1,0,3,8,50,9,30,,True,
539,10,А,англ. Светлана Николаевна,русский язык,1,0,3,8,50,9,30,,True,
540,10,Б,англ. Татьяна Петровна,физика,1,0,3,8,0,8,40,14,True,
541,10,Б,англ. Светлана Николаевна,физика,1,0,3,8,0,8,40,14,True,
542,10,Б,англ. Татьяна Петровна,физика,1,0,3,8,50,9,30,,True,
543,10,Б,англ. Светлана Николаевна,физика,1,0,3,8,50,9,30,,True,
544,10,В,англ. Татьяна Петровна,информатика и ИКТ,1,0,3,8,0,8,40,13,True,
545,10,В,англ. Светлана Николаевна,информатика и ИКТ,1,0,3,8,0,8,40,15,True,
546,10,В,англ. Татьяна Петровна,информатика и ИКТ,1,0,3,8,50,9,30,,True,
547,10,В,англ. Светлана Николаевна,информатика и ИКТ,1,0,3,8,50,9,30,,True,
548,11,А,англ. Татьяна Петровна,физика,1,0,3,8,0,8,40,4,True,
549,11,А,англ. Светлана Николаевна,физика,1,0,3,8,0,8,40,4,True,
550,11,А,англ. Татьяна Петровна,физика,1,0,3,8,50,9,30,,True,
551,11,А,англ. Светлана Николаевна,физика,1,0,3,8,50,9,30,,True,
552,11,Б,англ. Татьяна Петровна,алгебра и начала анализа,1,0,3,8,0,8,40,11,True,
553,11,Б,англ. Светлана Николаевна,алгебра и начала анализа,1,0,3,8,0,8,40,11,True,
554,11,Б,англ. Татьяна Петровна,алгебра и начала анализа,1,0,3,8,50,9,30,,True,
555,11,Б,англ. Светлана Николаевна,алгебра и начала анализа,1,0,3,8,50,9,30,,True,
556,11,В,англ. Татьяна Петровна,алгебра и начала анализа,1,0,3,8,0,8,40,10,True,
557,11,В,англ. Светлана Николаевна,алгебра и начала анализа,1,0,3,8,0,8,40,10,True,
558,11,В,англ. Татьяна Петровна,алгебра и начала анализа,1,0,3,8,50,9,30,,True,
559,11,В,англ. Светлана Николаевна,алгебра и начала анализа,1,0,3,8,50,9,30,,True,
560,8,А,англ. Татьяна Петровна,биология,1,0,3,9,45,10,25,2,True,
561,8,А,англ. Светлана Николаевна,биология,1,0,3,9,45,10,25,2,True,
562,8,А,англ. Татьяна Петровна,биология,1,0,3,10,45,11,25,,True,
563,8,А,англ. Светлана Николаевна,биология,1,0,3,10,45,11,25,,True,
564,8,Б,англ. Татьяна Петровна,русский язык,1,0,3,9,45,10,25,5,True,
565,8,Б,англ. Светлана Николаевна,русский язык,1,0,3,9,45,10,25,5,True,
566,8,Б,англ. Татьяна Петровна,русский язык,1,0,3,10,45,11,25,,True,
567,8,Б,англ. Светлана Николаевна,русский язык,1,0,3,10,45,11,25,,True,
568,8,В,англ. Татьяна Петровна,физическая культура,1,0,3,9,45,10,25,,True,
569,8,В,англ. Светлана Николаевна,физическая культура,1,0,3,9,45,10,25,,True,
570,8,В,англ. Татьяна Петровна,физическая культура,1,0,3,10,45,11,25,,True,
571,8,В,англ. Светлана Николаевна,физическая культура,1,0,3,10,45,11,25,,True,
572,9,А,англ. Татьяна Петровна,алгебра,1,0,3,9,45,10,25,4,True,
573,9,А,англ. Светлана Николаевна,алгебра,1,0,3,9,45,10,25,4,True,
574,9,А,англ. Татьяна Петровна,алгебра,1,0,3,10,45,11,25,,True,
575,9,А,англ. Светлана Николаевна,алгебра,1,0,3,10,45,11,25,,True,
576,9,Б,англ. Татьяна Петровна,английский язык,1,0,3,9,45,10,25,8,True,
577,9,Б,англ. Светлана Николаевна,английский язык,1,0,3,9,45,10,25,9,True,
578,9,Б,англ. Татьяна Петровна,английский язык,1,0,3,10,45,11,25,,True,
579,9,Б,англ. Светлана Николаевна,английский язык,1,0,3,10,45,11,25,,True,
580,9,В,англ. Татьяна Петровна,история,1,0,3,9,45,10,25,6,True,
581,9,В,англ. Светлана Николаевна,история,1,0,3,9,45,10,25,6,True,
582,9,В,англ. Татьяна Петровна,история,1,0,3,10,45,11,25,,True,
583,9,В,англ. Светлана Николаевна,история,1,0,3,10,45,11,25,,True,
584,10,А,англ. Татьяна Петровна,обществознание,1,0,3,9,45,10,25,7,True,
585,10,А,англ. Светлана Николаевна,обществознание,1,0,3,9,45,10,25,7,True,
586,10,А,англ. Татьяна Петровна,обществознание,1,0,3,10,45,11,25,,True,
587,10,А,англ. Светлана Николаевна,обществознание,1,0,3,10,45,11,25,,True,
588,10,Б,англ. Татьяна Петровна,алгебра и начала анализа,1,0,3,9,45,10,25,10,True,
589,10,Б,англ. Светлана Николаевна,алгебра и начала анализа,1,0,3,9,45,10,25,10,True,
590,10,Б,англ. Татьяна Петровна,алгебра и начала анализа,1,0,3,10,45,11,25,,True,
591,10,Б,англ. Светлана Николаевна,алгебра и начала анализа,1,0,3,10,45,11,25,,True,
592,10,В,англ. Татьяна Петровна,русский язык,1,0,3,9,45,10,25,12,True,
593,10,В,англ. Светлана Николаевна,русский язык,1,0,3,9,45,10,25,12,True,
594,10,В,англ. Татьяна Петровна,русский язык,1,0,3,10,45,11,25,,True,
595,10,В,англ. Светлана Николаевна,русский язык,1,0,3,10,45,11,25,,True,
596,11,А,англ. Татьяна Петровна,алгебра и начала анализа,1,0,3,9,45,10,25,11,True,
597,11,А,англ. Светлана Николаевна,алгебра и начала анализа,1,0,3,9,45,10,25,11,True,
598,11,А,англ. Татьяна Петровна,алгебра и начала анализа,1,0,3,10,45,11,25,,True,
599,11,А,англ. Светлана Николаевна,алгебра и начала анализа,1,0,3,10,45,11,25,,True,
600,11,Б,англ. Татьяна Петровна,информатика и ИКТ,1,0,3,9,45,10,25,13,True,
601,11,Б,англ. Светлана Николаевна,информатика и ИКТ,1,0,3,9,45,10,25,15,True,
602,11,Б,англ. Татьяна Петровна,информатика и ИКТ,1,0,3,10,45,11,25,,True,
603,11,Б,англ. Светлана Николаевна,информатика и ИКТ,1,0,3,10,45,11,25,,True,
604,11,В,англ. Татьяна Петровна,физика,1,0,3,9,45,10,25,14,True,
605,11,В,англ. Светлана Николаевна,физика,1,0,3,9,45,10,25,14,True,
606,11,В,англ. Татьяна Петровна,физика,1,0,3,10,45,11,25,,True,
607,11,В,англ. Светлана Николаевна,физика,1,0,3,10,45,11,25,,True,
608,8,А,англ. Татьяна Петровна,За страницами учебника математики,1,0,3,11,40,12,20,11,False,
609,8,А,англ. Светлана Николаевна,За страницами учебника математики,1,0,3,11,40,12,20,11,False,
610,8,А,англ. Татьяна Петровна,За страницами учебника математики,1,0,3,12,30,13,10,,False,
611,8,А,англ. Светлана Николаевна,За страницами учебника математики,1,0,3,12,30,13,10,,False,
612,8,Б,англ. Татьяна Петровна,география,1,0,3,11,40,12,20,7,True,
613,8,Б,англ. Светлана Николаевна,география,1,0,3,11,40,12,20,7,True,
614,8,Б,англ. Татьяна Петровна,география,1,0,3,12,30,13,10,,True,
615,8,Б,англ. Светлана Николаевна,география,1,0,3,12,30,13,10,,True,
616,8,В,англ. Татьяна Петровна,литература,1,0,3,11,40,12,20,5,True,
617,8,В,англ. Светлана Николаевна,литература,1,0,3,11,40,12,20,5,True,
618,8,В,англ. Татьяна Петровна,литература,1,0,3,12,30,13,10,,True,
619,8,В,англ. Светлана Николаевна,литература,1,0,3,12,30,13,10,,True,
620,9,А,англ. Татьяна Петровна,английский язык,1,0,3,11,40,12,20,8,True,
621,9,А,англ. Светлана Николаевна,английский язык,1,0,3,11,40,12,20,9,True,
622,9,А,англ. Татьяна Петровна,английский язык,1,0,3,12,30,13,10,,True,
623,9,А,англ. Светлана Николаевна,английский язык,1,0,3,12,30,13,10,,True,
624,9,Б,англ. Татьяна Петровна,история,1,0,3,11,40,12,20,6,True,
625,9,Б,англ. Светлана Николаевна,история,1,0,3,11,40,12,20,6,True,
626,9,Б,англ. Татьяна Петровна,история,1,0,3,12,30,13,10,,True,
627,9,Б,англ. Светлана Николаевна,история,1,0,3,12,30,13,10,,True,
628,9,В,англ. Татьяна Петровна,Виды текстовых задач и способы их решения,1,0,3,11,40,12,20,4,False,
629,9,В,англ. Светлана Николаевна,Виды текстовых задач и способы их решения,1,0,3,11,40,12,20,4,False,
630,9,В,англ. Татьяна Петровна,Виды текстовых задач и способы их решения,1,0,3,12,30,13,10,,False,
631,9,В,англ. Светлана Николаевна,Виды текстовых задач и способы их решения,1,0,3,12,30,13,10,,False,
632,10,А,англ. Татьяна Петровна,физика,1,0,3,11,40,12,20,14,True,
633,10,А,англ. Светлана Николаевна,физика,1,0,3,11,40,12,20,14,True,
634,10,А,англ. Татьяна Петровна,физика,1,0,3,12,30,13,10,,True,
635,10,А,англ. Светлана Николаевна,физика,1,0,3,12,30,13,10,,True,
636,10,Б,англ. Татьяна Петровна,обществознание,1,0,3,11,40,12,20,12,True,
637,10,Б,англ. Светлана Николаевна,обществознание,1,0,3,11,40,12,20,12,True,
638,10,Б,англ. Татьяна Петровна,обществознание,1,0,3,12,30,13,10,,True,
639,10,Б,англ. Светлана Николаевна,обществознание,1,0,3,12,30,13,10,,True,
640,10,В,англ. Татьяна Петровна,алгебра и начала анализа,1,0,3,11,40,12,20,10,True,
641,10,В,англ. Светлана Николаевна,алгебра и начала анализа,1,0,3,11,40,12,20,10,True,
642,10,В,англ. Татьяна Петровна,алгебра и начала анализа,1,0,3,12,30,13,10,,True,
643,10,В,англ. Светлана Николаевна,алгебра и начала анализа,1,0,3,12,30,13,10,,True,
644,11,А,англ. Татьяна Петровна,информатика и ИКТ,1,0,3,11,40,12,20,13,True,
645,11,А,англ. Светлана Николаевна,информатика и ИКТ,1,0,3,11,40,12,20,15,True,
646,11,А,англ. Татьяна Петровна,информатика и ИКТ,1,0,3,12,30,13,10,,True,
647,11,А,англ. Светлана Николаевна,информатика и ИКТ,1,0,3,12,30,13,10,,True,
648,11,Б,англ. Татьяна Петровна,биология,1,0,3,11,40,12,20,2,True,
649,11,Б,англ. Светлана Николаевна,биология,1,0,3,11,40,12,20,2,True,
650,11,Б,англ. Татьяна Петровна,биология,1,0,3,12,30,13,10,,True,
651,11,Б,англ. Светлана Николаевна,биология,1,0,3,12,30,13,10,,True,
652,11,В,англ. Татьяна Петровна,физическая культура,1,0,3,11,40,12,20,,True,
653,11,В,англ. Светлана Николаевна,физическая культура,1,0,3,11,40,12,20,,True,
654,11,В,англ. Татьяна Петровна,физическая культура,1,0,3,12,30,13,10,,True,
655,11,В,англ. Светлана Николаевна,физическая культура,1,0,3,12,30,13,10,,True,
656,9,Б,англ. Татьяна Петровна,физическая культура,1,0,3,13,20,14,0,,True,
657,9,Б,англ. Светлана Николаевна,физическая культура,1,0,3,13,20,14,0,,True,
658,9,Б,англ. Татьяна Петровна,физическая культура,1,0,3,14,5,14,45,,True,
659,9,Б,англ. Светлана Николаевна,физическая культура,1,0,3,14,5,14,45,,True,
660,10,А,англ. Татьяна Петровна,физический практикум(1/2гр)14,1,0,3,13,20,14,0,,False,
661,10,А,англ. Светлана Николаевна,физический практикум(1/2гр)14,1,0,3,13,20,14,0,,False,
662,10,А,англ. Татьяна Петровна,физический практикум(1/2гр)14,1,0,3,14,5,14,45,,False,
663,10,А,англ. Светлана Николаевна,физический практикум(1/2гр)14,1,0,3,14,5,14,45,,False,
664,10,Б,англ. Татьяна Петровна,Решение математических задач по управлению личными финансами,1,0,3,13,20,14,0,10,False,
665,10,Б,англ. Светлана Николаевна,Решение математических задач по управлению личными финансами,1,0,3,13,20,14,0,10,False,
666,10,Б,англ. Татьяна Петровна,Решение математических задач по управлению личными финансами,1,0,3,14,5,14,45,,False,
667,10,Б,англ. Светлана Николаевна,Решение математических задач по управлению личными финансами,1,0,3,14,5,14,45,,False,
668,11,А,англ. Татьяна Петровна,Задачи с разноуровневыми параметрами,1,0,3,13,20,14,0,11,False,
669,11,А,англ. Светлана Николаевна,Задачи с разноуровневыми параметрами,1,0,3,13,20,14,0,11,False,
670,11,А,англ. Татьяна Петровна,Задачи с разноуровневыми параметрами,1,0,3,14,5,14,45,,False,
671,11,А,англ. Светлана Николаевна,Задачи с разноуровневыми параметрами,1,0,3,14,5,14,45,,False,
672,11,Б,англ. Татьяна Петровна,Математические основы информатики,1,0,3,13,20,14,0,15,False,
673,11,Б,англ. Светлана Николаевна,Математические основы информатики,1,0,3,13,20,14,0,15,False,
674,11,Б,англ. Татьяна Петровна,Математические основы информатики,1,0,3,14,5,14,45,,False,
675,11,Б,англ. Светлана Николаевна,Математические основы информатики,1,0,3,14,5,14,45,,False,
676,11,В,англ. Татьяна Петровна,английский язык (Е.Б.),1,0,3,13,20,14,0,8,False,
677,11,В,англ. Светлана Николаевна,английский язык (Е.Б.),1,0,3,13,20,14,0,8,False,
678,11,В,англ. Татьяна Петровна,английский язык (Е.Б.),1,0,3,14,5,14,45,,False,
679,11,В,англ. Светлана Николаевна,английский язык (Е.Б.),1,0,3,14,5,14,45,,False,
680,8,А,англ. Татьяна Петровна,физическая культура,1,0,4,8,0,8,40,,True,
681,8,А,англ. Светлана Николаевна,физическая культура,1,0,4,8,0,8,40,,True,
682,8,А,англ. Татьяна Петровна,физическая культура,1,0,4,8,50,9,30,,True,
683,8,А,англ. Светлана Николаевна,физическая культура,1,0,4,8,50,9,30,,True,
684,8,Б,англ. Татьяна Петровна,родной язык (русский),1,0,4,8,0,8,40,11,False,
685,8,Б,англ. Светлана Николаевна,родной язык (русский),1,0,4,8,0,8,40,11,False,
686,8,Б,англ. Татьяна Петровна,родной язык (русский),1,0,4,8,50,9,30,,False,
687,8,Б,англ. Светлана Николаевна,родной язык (русский),1,0,4,8,50,9,30,,False,
688,8,В,англ. Татьяна Петровна,физика,1,0,4,8,0,8,40,14,True,
689,8,В,англ. Светлана Николаевна,физика,1,0,4,8,0,8,40,14,True,
690,8,В,англ. Татьяна Петровна,физика,1,0,4,8,50,9,30,,True,
691,8,В,англ. Светлана Николаевна,физика,1,0,4,8,50,9,30,,True,
692,9,А,англ. Татьяна Петровна,обществознание,1,0,4,8,0,8,40,10,True,
693,9,А,англ. Светлана Николаевна,обществознание,1,0,4,8,0,8,40,10,True,
694,9,А,англ. Татьяна Петровна,обществознание,1,0,4,8,50,9,30,,True,
695,9,А,англ. Светлана Николаевна,обществознание,1,0,4,8,50,9,30,,True,
696,9,Б,англ. Татьяна Петровна,информатика и ИКТ,1,0,4,8,0,8,40,13,True,
697,9,Б,англ. Светлана Николаевна,информатика и ИКТ,1,0,4,8,0,8,40,15,True,
698,9,Б,англ. Татьяна Петровна,информатика и ИКТ,1,0,4,8,50,9,30,,True,
699,9,Б,англ. Светлана Николаевна,информатика и ИКТ,1,0,4,8,50,9,30,,True,
700,9,В,англ. Татьяна Петровна,русский язык,1,0,4,8,0,8,40,5,True,
701,9,В,англ. Светлана Николаевна,русский язык,1,0,4,8,0,8,40,5,True,
702,9,В,англ. Татьяна Петровна,русский язык,1,0,4,8,50,9,30,,True,
703,9,В,англ. Светлана Николаевна,русский язык,1,0,4,8,50,9,30,,True,
704,10,А,англ. Татьяна Петровна,алгебра и начала анализа,1,0,4,8,0,8,40,4,True,
705,10,А,англ. Светлана Николаевна,алгебра и начала анализа,1,0,4,8,0,8,40,4,True,
706,10,А,англ. Татьяна Петровна,алгебра и начала анализа,1,0,4,8,50,9,30,,True,
707,10,А,англ. Светлана Николаевна,алгебра и начала анализа,1,0,4,8,50,9,30,,True,
708,10,Б,англ. Татьяна Петровна,география,1,0,4,8,0,8,40,7,True,
709,10,Б,англ. Светлана Николаевна,география,1,0,4,8,0,8,40,7,True,
710,10,Б,англ. Татьяна Петровна,география,1,0,4,8,50,9,30,,True,
711,10,Б,англ. Светлана Николаевна,география,1,0,4,8,50,9,30,,True,
712,10,В,англ. Татьяна Петровна,обществознание,1,0,4,8,0,8,40,6,True,
713,10,В,англ. Светлана Николаевна,обществознание,1,0,4,8,0,8,40,6,True,
714,10,В,англ. Татьяна Петровна,обществознание,1,0,4,8,50,9,30,,True,
715,10,В,англ. Светлана Николаевна,обществознание,1,0,4,8,50,9,30,,True,
716,11,А,англ. Татьяна Петровна,биология,1,0,4,8,0,8,40,2,True,
717,11,А,англ. Светлана Николаевна,биология,1,0,4,8,0,8,40,2,True,
718,11,А,англ. Татьяна Петровна,биология,1,0,4,8,50,9,30,,True,
719,11,А,англ. Светлана Николаевна,биология,1,0,4,8,50,9,30,,True,
720,11,Б,англ. Татьяна Петровна,литература,1,0,4,8,0,8,40,12,True,
721,11,Б,англ. Светлана Николаевна,литература,1,0,4,8,0,8,40,12,True,
722,11,Б,англ. Татьяна Петровна,литература,1,0,4,8,50,9,30,,True,
723,11,Б,англ. Светлана Николаевна,литература,1,0,4,8,50,9,30,,True,
724,11,В,англ. Татьяна Петровна,английский язык (Т.П.),1,0,4,8,0,8,40,8,False,
725,11,В,англ. Светлана Николаевна,английский язык (Т.П.),1,0,4,8,0,8,40,8,False,
726,11,В,англ. Татьяна Петровна,английский язык (Т.П.),1,0,4,8,50,9,30,,False,
727,11,В,англ. Светлана Николаевна,английский язык (Т.П.),1,0,4,8,50,9,30,,False,
728,8,А,англ. Татьяна Петровна,физика,1,0,4,9,45,10,25,11,True,
729,8,А,англ. Светлана Николаевна,физика,1,0,4,9,45,10,25,11,True,
730,8,А,англ. Татьяна Петровна,физика,1,0,4,10,45,11,25,,True,
731,8,А,англ. Светлана Николаевна,физика,1,0,4,10,45,11,25,,True,
732,8,Б,англ. Татьяна Петровна,геометрия,1,0,4,9,45,10,25,10,True,
733,8,Б,англ. Светлана Николаевна,геометрия,1,0,4,9,45,10,25,10,True,
734,8,Б,англ. Татьяна Петровна,геометрия,1,0,4,10,45,11,25,,True,
735,8,Б,англ. Светлана Николаевна,геометрия,1,0,4,10,45,11,25,,True,
736,8,В,англ. Татьяна Петровна,родной язык (русский),1,0,4,9,45,10,25,7,False,
737,8,В,англ. Светлана Николаевна,родной язык (русский),1,0,4,9,45,10,25,7,False,
738,8,В,англ. Татьяна Петровна,родной язык (русский),1,0,4,10,45,11,25,,False,
739,8,В,англ. Светлана Николаевна,родной язык (русский),1,0,4,10,45,11,25,,False,
740,9,А,англ. Татьяна Петровна,русский язык,1,0,4,9,45,10,25,5,True,
741,9,А,англ. Светлана Николаевна,русский язык,1,0,4,9,45,10,25,5,True,
742,9,А,англ. Татьяна Петровна,русский язык,1,0,4,10,45,11,25,,True,
743,9,А,англ. Светлана Николаевна,русский язык,1,0,4,10,45,11,25,,True,
744,9,Б,англ. Татьяна Петровна,обществознание,1,0,4,9,45,10,25,2,True,
745,9,Б,англ. Светлана Николаевна,обществознание,1,0,4,9,45,10,25,2,True,
746,9,Б,англ. Татьяна Петровна,обществознание,1,0,4,10,45,11,25,,True,
747,9,Б,англ. Светлана Николаевна,обществознание,1,0,4,10,45,11,25,,True,
748,9,В,англ. Татьяна Петровна,физическая культура,1,0,4,9,45,10,25,,True,
749,9,В,англ. Светлана Николаевна,физическая культура,1,0,4,9,45,10,25,,True,
750,9,В,англ. Татьяна Петровна,физическая культура,1,0,4,10,45,11,25,,True,
751,9,В,англ. Светлана Николаевна,физическая культура,1,0,4,10,45,11,25,,True,
752,10,А,англ. Татьяна Петровна,алгебра и начала анализа,1,0,4,9,45,10,25,4,True,
753,10,А,англ. Светлана Николаевна,алгебра и начала анализа,1,0,4,9,45,10,25,4,True,
754,10,А,англ. Татьяна Петровна,алгебра и начала анализа,1,0,4,10,45,11,25,,True,
755,10,А,англ. Светлана Николаевна,алгебра и начала анализа,1,0,4,10,45,11,25,,True,
756,10,Б,англ. Татьяна Петровна,информатика и ИКТ,1,0,4,9,45,10,25,13,True,
757,10,Б,англ. Светлана Николаевна,информатика и ИКТ,1,0,4,9,45,10,25,15,True,
758,10,Б,англ. Татьяна Петровна,информатика и ИКТ,1,0,4,10,45,11,25,,True,
759,10,Б,англ. Светлана Николаевна,информатика и ИКТ,1,0,4,10,45,11,25,,True,
760,10,В,англ. Татьяна Петровна,физика,1,0,4,9,45,10,25,14,True,
761,10,В,англ. Светлана Николаевна,физика,1,0,4,9,45,10,25,14,True,
762,10,В,англ. Татьяна Петровна,физика,1,0,4,10,45,11,25,,True,
763,10,В,англ. Светлана Николаевна,физика,1,0,4,10,45,11,25,,True,
764,11,А,англ. Татьяна Петровна,литература,1,0,4,9,45,10,25,12,True,
765,11,А,англ. Светлана Николаевна,литература,1,0,4,9,45,10,25,12,True,
766,11,А,англ. Татьяна Петровна,литература,1,0,4,10,45,11,25,,True,
767,11,А,англ. Светлана Николаевна,литература,1,0,4,10,45,11,25,,True,
768,11,Б,англ. Татьяна Петровна,английский язык,1,0,4,9,45,10,25,8,True,
769,11,Б,англ. Светлана Николаевна,английский язык,1,0,4,9,45,10,25,9,True,
770,11,Б,англ. Татьяна Петровна,английский язык,1,0,4,10,45,11,25,,True,
771,11,Б,англ. Светлана Николаевна,английский язык,1,0,4,10,45,11,25,,True,
772,11,В,англ. Татьяна Петровна,обществознание,1,0,4,9,45,10,25,6,True,
773,11,В,англ. Светлана Николаевна,обществознание,1,0,4,9,45,10,25,6,True,
774,11,В,англ. Татьяна Петровна,обществознание,1,0,4,10,45,11,25,,True,
775,11,В,англ. Светлана Николаевна,обществознание,1,0,4,10,45,11,25,,True,
776,8,А,англ. Татьяна Петровна,родной язык (русский),1,0,4,11,40,12,20,4,False,
777,8,А,англ. Светлана Николаевна,родной язык (русский),1,0,4,11,40,12,20,4,False,
778,8,А,англ. Татьяна Петровна,родной язык (русский),1,0,4,12,30,13,10,,False,
779,8,А,англ. Светлана Николаевна,родной язык (русский),1,0,4,12,30,13,10,,False,
780,8,Б,англ. Татьяна Петровна,физика,1,0,4,11,40,12,20,11,True,
781,8,Б,англ. Светлана Николаевна,физика,1,0,4,11,40,12,20,11,True,
782,8,Б,англ. Татьяна Петровна,физика,1,0,4,12,30,13,10,,True,
783,8,Б,англ. Светлана Николаевна,физика,1,0,4,12,30,13,10,,True,
784,8,В,англ. Татьяна Петровна,геометрия,1,0,4,11,40,12,20,10,True,
785,8,В,англ. Светлана Николаевна,геометрия,1,0,4,11,40,12,20,10,True,
786,8,В,англ. Татьяна Петровна,геометрия,1,0,4,12,30,13,10,,True,
787,8,В,англ. Светлана Николаевна,геометрия,1,0,4,12,30,13,10,,True,
788,9,А,англ. Татьяна Петровна,физическая культура,1,0,4,11,40,12,20,,True,
789,9,А,англ. Светлана Николаевна,физическая культура,1,0,4,11,40,12,20,,True,
790,9,А,англ. Татьяна Петровна,физическая культура,1,0,4,12,30,13,10,,True,
791,9,А,англ. Светлана Николаевна,физическая культура,1,0,4,12,30,13,10,,True,
792,9,Б,англ. Татьяна Петровна,русский язык,1,0,4,11,40,12,20,5,True,
793,9,Б,англ. Светлана Николаевна,русский язык,1,0,4,11,40,12,20,5,True,
794,9,Б,англ. Татьяна Петровна,русский язык,1,0,4,12,30,13,10,,True,
795,9,Б,англ. Светлана Николаевна,русский язык,1,0,4,12,30,13,10,,True,
796,9,В,англ. Татьяна Петровна,биология,1,0,4,11,40,12,20,2,True,
797,9,В,англ. Светлана Николаевна,биология,1,0,4,11,40,12,20,2,True,
798,9,В,англ. Татьяна Петровна,биология,1,0,4,12,30,13,10,,True,
799,9,В,англ. Светлана Николаевна,биология,1,0,4,12,30,13,10,,True,
800,10,А,англ. Татьяна Петровна,информатика и ИКТ,1,0,4,11,40,12,20,13,True,
801,10,А,англ. Светлана Николаевна,информатика и ИКТ,1,0,4,11,40,12,20,15,True,
802,10,А,англ. Татьяна Петровна,информатика и ИКТ,1,0,4,12,30,13,10,,True,
803,10,А,англ. Светлана Николаевна,информатика и ИКТ,1,0,4,12,30,13,10,,True,
804,10,Б,англ. Татьяна Петровна,история,1,0,4,11,40,12,20,6,True,
805,10,Б,англ. Светлана Николаевна,история,1,0,4,11,40,12,20,6,True,
806,10,Б,англ. Татьяна Петровна,история,1,0,4,12,30,13,10,,True,
807,10,Б,англ. Светлана Николаевна,история,1,0,4,12,30,13,10,,True,
808,10,В,англ. Татьяна Петровна,география,1,0,4,11,40,12,20,7,True,
809,10,В,англ. Светлана Николаевна,география,1,0,4,11,40,12,20,7,True,
810,10,В,англ. Татьяна Петровна,география,1,0,4,12,30,13,10,,True,
811,10,В,англ. Светлана Николаевна,география,1,0,4,12,30,13,10,,True,
812,11,А,англ. Татьяна Петровна,английский язык,1,0,4,11,40,12,20,8,True,
813,11,А,англ. Светлана Николаевна,английский язык,1,0,4,11,40,12,20,9,True,
814,11,А,англ. Татьяна Петровна,английский язык,1,0,4,12,30,13,10,,True,
815,11,А,англ. Светлана Николаевна,английский язык,1,0,4,12,30,13,10,,True,
816,11,Б,англ. Татьяна Петровна,физика,1,0,4,11,40,12,20,14,True,
817,11,Б,англ. Светлана Николаевна,физика,1,0,4,11,40,12,20,14,True,
818,11,Б,англ. Татьяна Петровна,физика,1,0,4,12,30,13,10,,True,
819,11,Б,англ. Светлана Николаевна,физика,1,0,4,12,30,13,10,,True,
820,11,В,англ. Татьяна Петровна,литература,1,0,4,11,40,12,20,12,True,
821,11,В,англ. Светлана Николаевна,литература,1,0,4,11,40,12,20,12,True,
822,11,В,англ. Татьяна Петровна,литература,1,0,4,12,30,13,10,,True,
823,11,В,англ. Светлана Николаевна,литература,1,0,4,12,30,13,10,,True,
824,9,В,англ. Татьяна Петровна,Логика и компьютер,1,0,4,13,20,14,0,15,False,
825,9,В,англ. Светлана Николаевна,Логика и компьютер,1,0,4,13,20,14,0,15,False,
826,9,В,англ. Татьяна Петровна,Логика и компьютер,1,0,4,14,5,14,45,,False,
827,9,В,англ. Светлана Николаевна,Логика и компьютер,1,0,4,14,5,14,45,,False,
828,10,А,англ. Татьяна Петровна,физическая культура,1,0,4,13,20,14,0,,True,
829,10,А,англ. Светлана Николаевна,физическая культура,1,0,4,13,20,14,0,,True,
830,10,А,англ. Татьяна Петровна,физическая культура,1,0,4,14,5,14,45,,True,
831,10,А,англ. Светлана Николаевна,физическая культура,1,0,4,14,5,14,45,,True,
832,10,Б,англ. Татьяна Петровна,физический практикум(1/2гр)14,1,0,4,13,20,14,0,,False,
833,10,Б,англ. Светлана Николаевна,физический практикум(1/2гр)14,1,0,4,13,20,14,0,,False,
834,10,Б,англ. Татьяна Петровна,физический практикум(1/2гр)14,1,0,4,14,5,14,45,,False,
835,10,Б,англ. Светлана Николаевна,физический практикум(1/2гр)14,1,0,4,14,5,14,45,,False,
836,11,А,англ. Татьяна Петровна,Решение физических задач с техническим содержанием,1,0,4,13,20,14,0,4,False,
837,11,А,англ. Светлана Николаевна,Решение физических задач с техническим содержанием,1,0,4,13,20,14,0,4,False,
838,11,А,англ. Татьяна Петровна,Решение физических задач с техническим содержанием,1,0,4,14,5,14,45,,False,
839,11,А,англ. Светлана Николаевна,Решение физических задач с техническим содержанием,1,0,4,14,5,14,45,,False,
840,11,Б,англ. Татьяна Петровна,Исторический портрет на фоне эпохи,1,0,4,13,20,14,0,6,False,
841,11,Б,англ. Светлана Николаевна,Исторический портрет на фоне эпохи,1,0,4,13,20,14,0,6,False,
842,11,Б,англ. Татьяна Петровна,Исторический портрет на фоне эпохи,1,0,4,14,5,14,45,,False,
843,11,Б,англ. Светлана Николаевна,Исторический портрет на фоне эпохи,1,0,4,14,5,14,45,,False,
844,11,В,англ. Татьяна Петровна,Деловой английский,1,0,4,13,20,14,0,9,False,
845,11,В,англ. Светлана Николаевна,Деловой английский,1,0,4,13,20,14,0,9,False,
846,11,В,англ. Татьяна Петровна,Деловой английский,1,0,4,14,5,14,45,,False,
847,11,В,англ. Светлана Николаевна,Деловой английский,1,0,4,14,5,14,45,,False,
848,8,А,англ. Татьяна Петровна,черчение,1,0,5,8,0,8,40,4,True,
849,8,А,англ. Светлана Николаевна,черчение,1,0,5,8,0,8,40,4,True,
850,8,А,англ. Татьяна Петровна,черчение,1,0,5,8,45,9,25,,True,
851,8,А,англ. Светлана Николаевна,черчение,1,0,5,8,45,9,25,,True,
852,8,Б,англ. Татьяна Петровна,литература,1,0,5,8,0,8,40,5,True,
853,8,Б,англ. Светлана Николаевна,литература,1,0,5,8,0,8,40,5,True,
854,8,Б,англ. Татьяна Петровна,литература,1,0,5,8,45,9,25,,True,
855,8,Б,англ. Светлана Николаевна,литература,1,0,5,8,45,9,25,,True,
856,8,В,англ. Татьяна Петровна,За страницами учебника математики,1,0,5,8,0,8,40,10,False,
857,8,В,англ. Светлана Николаевна,За страницами учебника математики,1,0,5,8,0,8,40,10,False,
858,8,В,англ. Татьяна Петровна,За страницами учебника математики,1,0,5,8,45,9,25,,False,
859,8,В,англ. Светлана Николаевна,За страницами учебника математики,1,0,5,8,45,9,25,,False,
860,9,А,англ. Татьяна Петровна,ОБЖ,1,0,5,8,0,8,40,13,True,
861,9,А,англ. Светлана Николаевна,ОБЖ,1,0,5,8,0,8,40,13,True,
862,9,А,англ. Татьяна Петровна,ОБЖ,1,0,5,8,45,9,25,,True,
863,9,А,англ. Светлана Николаевна,ОБЖ,1,0,5,8,45,9,25,,True,
864,9,Б,англ. Татьяна Петровна,английский язык,1,0,5,8,0,8,40,8,True,
865,9,Б,англ. Светлана Николаевна,английский язык,1,0,5,8,0,8,40,9,True,
866,9,Б,англ. Татьяна Петровна,английский язык,1,0,5,8,45,9,25,,True,
867,9,Б,англ. Светлана Николаевна,английский язык,1,0,5,8,45,9,25,,True,
868,9,В,англ. Татьяна Петровна,история,1,0,5,8,0,8,40,14,True,
869,9,В,англ. Светлана Николаевна,история,1,0,5,8,0,8,40,14,True,
870,9,В,англ. Татьяна Петровна,история,1,0,5,8,45,9,25,,True,
871,9,В,англ. Светлана Николаевна,история,1,0,5,8,45,9,25,,True,
872,10,А,англ. Татьяна Петровна,химия,1,0,5,8,0,8,40,2,True,
873,10,А,англ. Светлана Николаевна,химия,1,0,5,8,0,8,40,2,True,
874,10,А,англ. Татьяна Петровна,химия,1,0,5,8,45,9,25,,True,
875,10,А,англ. Светлана Николаевна,химия,1,0,5,8,45,9,25,,True,
876,10,Б,англ. Татьяна Петровна,ОБЖ актовый зал,1,0,5,8,0,8,40,,False,
877,10,Б,англ. Светлана Николаевна,ОБЖ актовый зал,1,0,5,8,0,8,40,,False,
878,10,Б,англ. Татьяна Петровна,ОБЖ актовый зал,1,0,5,8,45,9,25,,False,
879,10,Б,англ. Светлана Николаевна,ОБЖ актовый зал,1,0,5,8,45,9,25,,False,
880,10,В,англ. Татьяна Петровна,экономика,1,0,5,8,0,8,40,7,False,
881,10,В,англ. Светлана Николаевна,экономика,1,0,5,8,0,8,40,7,False,
882,10,В,англ. Татьяна Петровна,экономика,1,0,5,8,45,9,25,,False,
883,10,В,англ. Светлана Николаевна,экономика,1,0,5,8,45,9,25,,False,
884,11,А,англ. Татьяна Петровна,Игра с математическими объектами,1,0,5,8,0,8,40,11,False,
885,11,А,англ. Светлана Николаевна,Игра с математическими объектами,1,0,5,8,0,8,40,11,False,
886,11,А,англ. Татьяна Петровна,Игра с математическими объектами,1,0,5,8,45,9,25,,False,
887,11,А,англ. Светлана Николаевна,Игра с математическими объектами,1,0,5,8,45,9,25,,False,
888,11,Б,англ. Татьяна Петровна,Практическая грамматика,1,0,5,8,0,8,40,12,False,
889,11,Б,англ. Светлана Николаевна,Практическая грамматика,1,0,5,8,0,8,40,12,False,
890,11,Б,англ. Татьяна Петровна,Практическая грамматика,1,0,5,8,45,9,25,,False,
891,11,Б,англ. Светлана Николаевна,Практическая грамматика,1,0,5,8,45,9,25,,False,
892,11,В,англ. Татьяна Петровна,право,1,0,5,8,0,8,40,6,True,
893,11,В,англ. Светлана Николаевна,право,1,0,5,8,0,8,40,6,True,
894,11,В,англ. Татьяна Петровна,право,1,0,5,8,45,9,25,,True,
895,11,В,англ. Светлана Николаевна,право,1,0,5,8,45,9,25,,True,
896,8,А,англ. Татьяна Петровна,литература,1,0,5,9,40,10,20,5,True,
897,8,А,англ. Светлана Николаевна,литература,1,0,5,9,40,10,20,5,True,
898,8,А,англ. Татьяна Петровна,литература,1,0,5,10,35,11,15,,True,
899,8,А,англ. Светлана Николаевна,литература,1,0,5,10,35,11,15,,True,
900,8,Б,англ. Татьяна Петровна,За страницами учебника математики,1,0,5,9,40,10,20,10,False,
901,8,Б,англ. Светлана Николаевна,За страницами учебника математики,1,0,5,9,40,10,20,10,False,
902,8,Б,англ. Татьяна Петровна,За страницами учебника математики,1,0,5,10,35,11,15,,False,
903,8,Б,англ. Светлана Николаевна,За страницами учебника математики,1,0,5,10,35,11,15,,False,
904,8,В,англ. Татьяна Петровна,черчение,1,0,5,9,40,10,20,4,True,
905,8,В,англ. Светлана Николаевна,черчение,1,0,5,9,40,10,20,4,True,
906,8,В,англ. Татьяна Петровна,черчение,1,0,5,10,35,11,15,,True,
907,8,В,англ. Светлана Николаевна,черчение,1,0,5,10,35,11,15,,True,
908,9,А,англ. Татьяна Петровна,английский язык,1,0,5,9,40,10,20,8,True,
909,9,А,англ. Светлана Николаевна,английский язык,1,0,5,9,40,10,20,9,True,
910,9,А,англ. Татьяна Петровна,английский язык,1,0,5,10,35,11,15,,True,
911,9,А,англ. Светлана Николаевна,английский язык,1,0,5,10,35,11,15,,True,
912,9,Б,англ. Татьяна Петровна,история,1,0,5,9,40,10,20,14,True,
913,9,Б,англ. Светлана Николаевна,история,1,0,5,9,40,10,20,14,True,
914,9,Б,англ. Татьяна Петровна,история,1,0,5,10,35,11,15,,True,
915,9,Б,англ. Светлана Николаевна,история,1,0,5,10,35,11,15,,True,
916,9,В,англ. Татьяна Петровна,ОБЖ,1,0,5,9,40,10,20,13,True,
917,9,В,англ. Светлана Николаевна,ОБЖ,1,0,5,9,40,10,20,13,True,
918,9,В,англ. Татьяна Петровна,ОБЖ,1,0,5,10,35,11,15,,True,
919,9,В,англ. Светлана Николаевна,ОБЖ,1,0,5,10,35,11,15,,True,
920,10,А,англ. Татьяна Петровна,ОБЖ актовый зал,1,0,5,9,40,10,20,,False,
921,10,А,англ. Светлана Николаевна,ОБЖ актовый зал,1,0,5,9,40,10,20,,False,
922,10,А,англ. Татьяна Петровна,ОБЖ актовый зал,1,0,5,10,35,11,15,,False,
923,10,А,англ. Светлана Николаевна,ОБЖ актовый зал,1,0,5,10,35,11,15,,False,
924,10,Б,англ. Татьяна Петровна,химия,1,0,5,9,40,10,20,2,True,
925,10,Б,англ. Светлана Николаевна,химия,1,0,5,9,40,10,20,2,True,
926,10,Б,англ. Татьяна Петровна,химия,1,0,5,10,35,11,15,,True,
927,10,Б,англ. Светлана Николаевна,химия,1,0,5,10,35,11,15,,True,
928,10,В,англ. Татьяна Петровна,право,1,0,5,9,40,10,20,6,True,
929,10,В,англ. Светлана Николаевна,право,1,0,5,9,40,10,20,6,True,
930,10,В,англ. Татьяна Петровна,право,1,0,5,10,35,11,15,,True,
931,10,В,англ. Светлана Николаевна,право,1,0,5,10,35,11,15,,True,
932,11,А,англ. Татьяна Петровна,Практическая грамматика,1,0,5,9,40,10,20,12,False,
933,11,А,англ. Светлана Николаевна,Практическая грамматика,1,0,5,9,40,10,20,12,False,
934,11,А,англ. Татьяна Петровна,Практическая грамматика,1,0,5,10,35,11,15,,False,
935,11,А,англ. Светлана Николаевна,Практическая грамматика,1,0,5,10,35,11,15,,False,
936,11,Б,англ. Татьяна Петровна,Игра с математическими объектами,1,0,5,9,40,10,20,11,False,
937,11,Б,англ. Светлана Николаевна,Игра с математическими объектами,1,0,5,9,40,10,20,11,False,
938,11,Б,англ. Татьяна Петровна,Игра с математическими объектами,1,0,5,10,35,11,15,,False,
939,11,Б,англ. Светлана Николаевна,Игра с математическими объектами,1,0,5,10,35,11,15,,False,
940,11,В,англ. Татьяна Петровна,экономика,1,0,5,9,40,10,20,7,False,
941,11,В,англ. Светлана Николаевна,экономика,1,0,5,9,40,10,20,7,False,
942,11,В,англ. Татьяна Петровна,экономика,1,0,5,10,35,11,15,,False,
943,11,В,англ. Светлана Николаевна,экономика,1,0,5,10,35,11,15,,False,
944,8,А,англ. Татьяна Петровна,химия,1,0,5,11,25,12,5,2,True,
945,8,А,англ. Светлана Николаевна,химия,1,0,5,11,25,12,5,2,True,
946,8,А,англ. Татьяна Петровна,химия,1,0,5,12,15,12,55,,True,
947,8,А,англ. Светлана Николаевна,химия,1,0,5,12,15,12,55,,True,
948,8,Б,англ. Татьяна Петровна,черчение,1,0,5,11,25,12,5,4,True,
949,8,Б,англ. Светлана Николаевна,черчение,1,0,5,11,25,12,5,4,True,
950,8,Б,англ. Татьяна Петровна,черчение,1,0,5,12,15,12,55,,True,
951,8,Б,англ. Светлана Николаевна,черчение,1,0,5,12,15,12,55,,True,
952,9,А,англ. Татьяна Петровна,история,1,0,5,11,25,12,5,6,True,
953,9,А,англ. Светлана Николаевна,история,1,0,5,11,25,12,5,6,True,
954,9,А,англ. Татьяна Петровна,история,1,0,5,12,15,12,55,,True,
955,9,А,англ. Светлана Николаевна,история,1,0,5,12,15,12,55,,True,
956,9,В,англ. Татьяна Петровна,английский язык,1,0,5,11,25,12,5,8,True,
957,9,В,англ. Светлана Николаевна,английский язык,1,0,5,11,25,12,5,9,True,
958,9,В,англ. Татьяна Петровна,английский язык,1,0,5,12,15,12,55,,True,
959,9,В,англ. Светлана Николаевна,английский язык,1,0,5,12,15,12,55,,True,
960,10,В,англ. Татьяна Петровна,ОБЖ актовый зал,1,0,5,11,25,12,5,,False,
961,10,В,англ. Светлана Николаевна,ОБЖ актовый зал,1,0,5,11,25,12,5,,False,
962,10,В,англ. Татьяна Петровна,ОБЖ актовый зал,1,0,5,12,15,12,55,,False,
963,10,В,англ. Светлана Николаевна,ОБЖ актовый зал,1,0,5,12,15,12,55,,False,
964,11,В,англ. Татьяна Петровна,Политология (дистант),1,0,5,11,25,12,5,,False,
965,11,В,англ. Светлана Николаевна,Политология (дистант),1,0,5,11,25,12,5,,False,
966,11,В,англ. Татьяна Петровна,Политология (дистант),1,0,5,12,15,12,55,,False,
967,11,В,англ. Светлана Николаевна,Политология (дистант),1,0,5,12,15,12,55,,False,
